"","cds","stype","name","sname","snum","dname","dnum","cname","cnum","flag","pcttest","api00","api99","target","growth","sch.wide","comp.imp","both","awards","meals","ell","yr.rnd","mobility","acs.k3","acs.46","acs.core","pct.resp","not.hsg","hsg","some.col","col.grad","grad.sch","avg.ed","full","emer","enroll","api.stu","pw","fpc"
"1039","15739081534155","H","McFarland High","McFarland High",1039,"McFarland Unified",432,"Kern",14,NA,98,462,448,18,14,"No","Yes","No","No",44,31,NA,6,NA,NA,24,82,44,34,12,7,3,1.9099999666214,71,35,477,429,30.97,6194
"1124","19642126066716","E","Stowers (Cecil ","Stowers (Cecil B.) Elementary",1124,"ABC Unified",1,"Los Angeles",18,NA,100,878,831,NA,47,"Yes","Yes","Yes","Yes",8,25,NA,15,19,30,NA,97,4,10,23,43,21,3.66000008583069,90,10,478,420,30.97,6194
"2868","30664493030640","H","Brea-Olinda Hig","Brea-Olinda High",2868,"Brea-Olinda Unified",79,"Orange",29,NA,98,734,742,3,-8,"No","No","No","No",10,10,NA,7,NA,NA,28,95,5,9,21,41,24,3.71000003814697,83,18,1410,1287,30.97,6194
"1273","19644516012744","E","Alameda Element","Alameda Elementary",1273,"Downey Unified",187,"Los Angeles",18,NA,99,772,657,7,115,"Yes","Yes","Yes","Yes",70,25,NA,23,23,NA,NA,100,37,40,14,8,1,1.96000003814697,85,18,342,291,30.97,6194
"4926","40688096043293","E","Sunnyside Eleme","Sunnyside Elementary",4926,"San Luis Coastal Unified",640,"San Luis Obispo",39,NA,99,739,719,4,20,"Yes","Yes","Yes","Yes",43,12,NA,12,20,29,NA,91,8,21,27,34,10,3.17000007629395,100,0,217,189,30.97,6194
"2463","19734456014278","E","Los Molinos Ele","Los Molinos Elementary",2463,"Hacienda la Puente Unif",284,"Los Angeles",18,NA,93,835,822,NA,13,"Yes","Yes","Yes","No",16,19,NA,13,19,29,NA,71,1,8,20,38,34,3.96000003814697,75,20,258,211,30.97,6194
"2031","19647336058200","M","Northridge Midd","Northridge Middle",2031,"Los Angeles Unified",401,"Los Angeles",18,NA,98,456,472,16,-16,"No","No","No","No",81,40,NA,22,NA,30,27,49,30,27,18,22,2,2.39000010490417,72,25,1274,1090,30.97,6194
"1736","19647336017271","E","Glassell Park E","Glassell Park Elementary",1736,"Los Angeles Unified",401,"Los Angeles",18,NA,99,506,474,16,32,"Yes","Yes","Yes","Yes",98,65,"No",43,18,29,NA,75,49,31,15,2,3,1.78999996185303,69,22,566,353,30.97,6194
"2142","19648166020747","E","Maxson Elementa","Maxson Elementary",2142,"Mountain View Elem",470,"Los Angeles",18,NA,100,543,458,17,85,"Yes","Yes","Yes","Yes",94,65,NA,15,19,32,NA,99,48,34,14,4,1,1.76999998092651,68,29,645,563,30.97,6194
"4754","38684786041669","E","Treasure Island","Treasure Island Elementary",4754,"San Francisco Unified",632,"San Francisco",37,NA,90,649,604,10,45,"Yes","No","No","No",85,57,NA,10,16,25,30,49,23,36,14,21,6,2.50999999046326,81,7,311,258,30.97,6194
"1669","19647336016497","E","Cimarron Avenue","Cimarron Avenue Elementary",1669,"Los Angeles Unified",401,"Los Angeles",18,NA,95,556,575,11,-19,"No","No","No","No",81,4,NA,20,16,27,NA,62,5,38,29,24,5,2.84999990463257,84,16,328,253,30.97,6194
"2721","25735934737250","H","Tulelake High","Tulelake High",2721,"Tulelake Basin Unified",753,"Modoc",24,NA,100,671,620,9,51,"Yes","Yes","Yes","Yes",67,25,NA,12,NA,NA,17,96,44,19,17,19,2,2.17000007629395,100,0,210,166,30.97,6194
"1027","15638426010268","M","Jefferson (Thom","Jefferson (Thomas) Middle",1027,"Wasco Union Elementary",784,"Kern",14,NA,97,528,524,14,4,"No","No","No","No",77,32,NA,4,NA,NA,27,77,40,34,16,8,2,1.96000003814697,89,11,529,492,30.97,6194
"63","01611766000715","E","Maloney (Tom) E","Maloney (Tom) Elementary",63,"Fremont Unified",248,"Alameda",1,NA,99,742,691,5,51,"Yes","Yes","Yes","Yes",20,16,NA,32,19,29,NA,96,4,14,25,37,19,3.52999997138977,95,5,313,254,30.97,6194
"5574","48705406051072","E","Bransford Eleme","Bransford Elementary",5574,"Fairfield-Suisun Unified",229,"Solano",47,NA,98,555,505,15,50,"Yes","Yes","Yes","Yes",70,23,"No",17,21,30,NA,39,14,57,18,10,1,2.25999999046326,96,6,628,519,30.97,6194
"1693","19647336016786","E","Dolores Street ","Dolores Street Elementary",1693,"Los Angeles Unified",401,"Los Angeles",18,NA,100,631,594,10,37,"Yes","Yes","Yes","Yes",75,18,NA,9,20,27,NA,51,18,28,27,23,3,2.65000009536743,83,10,570,518,30.97,6194
"5453","44697656113559","M","Shoreline Middl","Shoreline Middle",5453,"Live Oak Elementary",386,"Santa Cruz",43,NA,99,698,677,6,21,"Yes","Yes","Yes","Yes",24,13,NA,11,NA,29,25,99,15,26,20,28,10,2.94000005722046,92,8,714,632,30.97,6194
"2736","27659876026033","M","Carmel Middle","Carmel Middle",2736,"Carmel Unified",111,"Monterey",26,NA,100,810,794,1,16,"Yes","Yes","Yes","Yes",10,0,NA,12,NA,21,24,83,2,7,28,31,32,3.83999991416931,97,3,621,560,30.97,6194
"4125","36678763634680","H","Pacific High","Pacific High",4125,"San Bernardino City Unif",627,"San Bernardino",35,NA,95,502,505,15,-3,"No","No","No","No",72,23,NA,15,NA,NA,31,80,31,26,30,11,3,2.29999995231628,83,14,1950,1717,30.97,6194
"1290","19644696012918","E","Andres Duarte E","Andres Duarte Elementary",1290,"Duarte Unified",189,"Los Angeles",18,NA,100,532,494,15,38,"Yes","Yes","Yes","Yes",82,30,NA,18,19,33,NA,99,16,60,14,9,1,2.20000004768372,90,17,411,323,30.97,6194
"3347","33669776031512","E","Arlanza Element","Arlanza Elementary",3347,"Alvord Unified",19,"Riverside",32,NA,99,430,391,20,39,"Yes","Yes","Yes","Yes",87,60,"No",28,20,32,NA,95,53,32,13,2,1,1.6599999666214,64,31,593,438,30.97,6194
"1654","19647336016349","E","Caroldale Avenu","Caroldale Avenue Elementary",1654,"Los Angeles Unified",401,"Los Angeles",18,NA,97,658,615,9,43,"Yes","Yes","Yes","Yes",59,18,NA,13,19,29,26,78,14,21,28,33,5,2.94000005722046,76,13,828,745,30.97,6194
"1909","19647336019160","E","Shenandoah Stre","Shenandoah Street Elementary",1909,"Los Angeles Unified",401,"Los Angeles",18,NA,84,453,423,19,30,"Yes","Yes","Yes","No",98,53,NA,13,18,29,NA,35,19,36,17,25,4,2.5699999332428,61,30,570,437,30.97,6194
"5928","54722566054654","E","Mountain View E","Mountain View Elementary",5928,"Visalia Unified",779,"Tulare",53,NA,100,635,619,9,16,"Yes","Yes","Yes","Yes",37,4,"No",16,18,27,NA,100,5,33,38,21,3,2.84999990463257,97,3,552,495,30.97,6194
"2138","19648166020705","M","Kranz (Charles ","Kranz (Charles T.) Intermediat",2138,"Mountain View Elem",470,"Los Angeles",18,NA,99,508,471,16,37,"Yes","Yes","Yes","Yes",91,62,NA,14,NA,NA,29,99,64,23,9,3,1,1.52999997138977,85,8,1016,820,30.97,6194
"2335","19650456107205","E","Pinetree Commun","Pinetree Community Elementary",2335,"Sulphur Springs Un Elem",720,"Los Angeles",18,NA,99,804,787,1,17,"Yes","Yes","Yes","Yes",10,1,"No",7,19,27,NA,95,1,26,35,31,7,3.17000007629395,96,4,684,638,30.97,6194
"1200","19643036011704","E","Foster (Stephen","Foster (Stephen) Elementary",1200,"Bellflower Unified",56,"Los Angeles",18,NA,100,813,794,1,19,"Yes","Yes","Yes","Yes",24,2,NA,21,20,31,NA,66,4,18,40,28,11,3.24000000953674,95,5,535,465,30.97,6194
"1662","19647336016422","E","Chandler Elemen","Chandler Elementary",1662,"Los Angeles Unified",401,"Los Angeles",18,NA,100,650,590,11,60,"Yes","Yes","Yes","Yes",74,41,NA,22,15,27,NA,1,0,75,25,0,0,2.25,69,31,381,299,30.97,6194
"4171","36678766068712","M","Serrano Middle","Serrano Middle",4171,"San Bernardino City Unif",627,"San Bernardino",35,NA,97,569,552,12,17,"Yes","No","No","No",67,15,NA,20,NA,NA,30,100,27,32,28,10,2,2.28999996185303,78,27,1051,841,30.97,6194
"4664","37735696038863","M","Lincoln Middle","Lincoln Middle",4664,"Oceanside Unified",510,"San Diego",36,NA,99,642,618,9,24,"Yes","Yes","Yes","Yes",44,21,NA,31,NA,32,31,91,24,19,27,21,8,2.71000003814697,95,5,1405,1167,30.97,6194
"1779","19647336017735","E","Kittridge Stree","Kittridge Street Elementary",1779,"Los Angeles Unified",401,"Los Angeles",18,NA,99,500,424,19,76,"Yes","Yes","Yes","Yes",93,73,"No",22,18,30,NA,0,0,0,0,0,0,NA,73,25,688,566,30.97,6194
"4430","37682966070841","E","Los Penasquitos","Los Penasquitos Elementary",4430,"Poway Unified",575,"San Diego",36,NA,99,808,772,1,36,"Yes","Yes","Yes","Yes",37,28,NA,13,19,30,NA,95,4,14,37,30,15,3.38000011444092,100,6,408,352,30.97,6194
"5586","48705406067144","E","Richardson (H. ","Richardson (H. Glenn) Elementary",5586,"Fairfield-Suisun Unified",229,"Solano",47,NA,100,594,555,12,39,"Yes","No","No","No",51,8,"No",10,21,32,NA,43,7,48,32,10,3,2.52999997138977,92,8,436,380,30.97,6194
"3809","34674473438504","H","San Juan High","San Juan High",3809,"San Juan Unified",636,"Sacramento",33,NA,96,607,589,11,18,"Yes","Yes","Yes","Yes",37,23,NA,21,NA,NA,28,87,7,26,25,35,6,3.07999992370605,94,6,734,556,30.97,6194
"3925","36676376105936","E","Big Bear Elemen","Big Bear Elementary",3925,"Bear Valley Unified",50,"San Bernardino",35,NA,99,760,717,4,43,"Yes","Yes","Yes","Yes",37,9,NA,14,19,27,NA,87,8,22,30,25,14,3.13000011444092,100,3,449,387,30.97,6194
"2614","21654662134005","H","Terra Linda Hig","Terra Linda High",2614,"San Rafael City High",649,"Marin",20,NA,85,764,749,3,15,"Yes","Yes","Yes","No",4,2,NA,4,NA,NA,26,88,4,5,15,42,33,3.95000004768372,92,8,713,282,30.97,6194
"837","13631236008437","E","Harding Element","Harding Elementary",837,"El Centro Elementary",200,"Imperial",12,NA,100,622,519,14,103,"Yes","Yes","Yes","Yes",96,56,NA,24,19,33,NA,61,14,25,30,17,14,2.92000007629395,100,4,397,353,30.97,6194
"5485","44698156049886","E","De Laveaga Elem","De Laveaga Elementary",5485,"Santa Cruz City Elem",657,"Santa Cruz",43,NA,98,793,750,3,43,"Yes","Yes","Yes","Yes",26,16,NA,8,20,26,NA,87,15,9,22,31,23,3.36999988555908,93,4,373,328,30.97,6194
"6135","56739406102230","M","Chaparral Middl","Chaparral Middle",6135,"Moorpark Unified",460,"Ventura",55,NA,100,802,758,2,44,"Yes","Yes","Yes","Yes",18,13,NA,12,NA,29,30,84,7,10,15,42,26,3.71000003814697,97,3,835,783,30.97,6194
"4879","39686766042766","E","Taft (William H","Taft (William Howard) Elementary",4879,"Stockton City Unified",716,"San Joaquin",38,NA,100,529,482,16,47,"Yes","Yes","Yes","Yes",83,28,NA,16,18,23,NA,68,31,23,29,14,4,2.36999988555908,80,13,352,315,30.97,6194
"5647","49708546051965","E","McKinley Elemen","McKinley Elementary",5647,"Petaluma City Elementary",547,"Sonoma",48,NA,100,630,612,9,18,"Yes","No","No","No",52,26,NA,17,22,26,NA,93,25,24,31,15,5,2.50999999046326,100,0,213,169,30.97,6194
"973","15635456009641","E","Kernville Eleme","Kernville Elementary",973,"Kernville Union Elem",335,"Kern",14,NA,98,742,696,5,46,"Yes","Yes","Yes","Yes",57,0,NA,15,17,24,NA,100,11,33,32,13,12,2.82999992370605,100,0,151,122,30.97,6194
"590","10621176005854","E","Dry Creek Eleme","Dry Creek Elementary",590,"Clovis Unified",140,"Fresno",9,NA,99,842,833,NA,9,"Yes","Yes","Yes","Yes",15,6,NA,13,20,35,NA,95,3,21,23,39,14,3.41000008583069,94,6,567,519,30.97,6194
"1993","19647336020010","E","Wonderland Aven","Wonderland Avenue Elementary",1993,"Los Angeles Unified",401,"Los Angeles",18,NA,100,903,891,NA,12,"Yes","Yes","Yes","Yes",14,16,NA,22,19,30,NA,81,0,8,11,54,28,4.01999998092651,75,25,339,324,30.97,6194
"1911","19647336019186","E","Sherman Oaks El","Sherman Oaks Elementary",1911,"Los Angeles Unified",401,"Los Angeles",18,NA,100,720,708,5,12,"Yes","No","No","No",21,13,NA,20,19,27,NA,72,5,22,18,37,18,3.41000008583069,81,11,632,570,30.97,6194
"908","15633396009229","M","Beardsley Junio","Beardsley Junior High",908,"Beardsley Elementary",51,"Kern",14,NA,100,634,602,10,32,"Yes","Yes","Yes","Yes",74,2,NA,18,NA,NA,26,97,34,43,16,7,0,1.97000002861023,93,7,318,250,30.97,6194
"3727","34674216033757","E","Taylor Street E","Taylor Street Elementary",3727,"Robla Elementary",606,"Sacramento",33,NA,100,529,550,13,-21,"No","No","No","No",78,17,NA,3,20,29,NA,94,34,47,12,6,1,1.92999994754791,96,4,454,439,30.97,6194
"1169","19642876011407","E","Deanza Elementa","Deanza Elementary",1169,"Baldwin Park Unified",42,"Los Angeles",18,NA,100,540,457,17,83,"Yes","Yes","Yes","Yes",90,66,NA,13,20,31,NA,0,0,0,0,0,0,NA,69,26,641,582,30.97,6194
"4295","37680236037865","E","Halecrest Eleme","Halecrest Elementary",4295,"Chula Vista Elementary",135,"San Diego",36,NA,100,795,758,2,37,"Yes","Yes","Yes","Yes",26,14,NA,23,19,28,NA,0,0,0,0,0,0,NA,97,3,407,353,30.97,6194
"4551","37683386040190","E","King (Martin Lu","King (Martin Luther) Elementary",4551,"San Diego City Unified",630,"San Diego",36,NA,100,485,406,20,79,"Yes","Yes","Yes","Yes",100,78,NA,24,21,29,NA,84,76,14,8,2,1,1.38999998569489,84,7,508,489,30.97,6194
"67","01611766000764","E","Hirsch (O. N.) ","Hirsch (O. N.) Elementary",67,"Fremont Unified",248,"Alameda",1,NA,100,734,749,3,-15,"No","No","No","No",22,10,NA,19,26,29,NA,95,6,12,32,37,13,3.39000010490417,81,19,297,266,30.97,6194
"4275","37679916037683","E","Lexington Eleme","Lexington Elementary",4275,"Cajon Valley Union Elem",98,"San Diego",36,NA,98,665,592,10,73,"Yes","Yes","Yes","Yes",77,18,NA,29,19,33,NA,65,16,35,34,12,4,2.52999997138977,100,10,343,293,30.97,6194
"4466","37683383731585","H","Crawford Senior","Crawford Senior High",4466,"San Diego City Unified",630,"San Diego",36,NA,100,541,537,13,4,"No","No","No","No",90,50,NA,12,NA,NA,NA,74,41,24,21,12,3,2.11999988555908,94,4,1067,956,30.97,6194
"6114","56737596055933","E","Conejo Elementa","Conejo Elementary",6114,"Conejo Valley Unified",154,"Ventura",55,NA,99,642,560,12,82,"Yes","Yes","Yes","Yes",45,36,NA,15,19,27,NA,96,22,26,21,24,7,2.6800000667572,100,0,348,301,30.97,6194
"1351","19645681932144","H","Crescenta Valle","Crescenta Valley Senior High",1351,"Glendale Unified",266,"Los Angeles",18,NA,99,758,759,2,-1,"No","No","No","No",10,12,NA,10,NA,NA,28,91,3,11,28,32,27,3.70000004768372,89,11,1678,1563,30.97,6194
"230","01612596111660","M","Oakland Charter","Oakland Charter Academy",230,"Oakland Unified",507,"Alameda",1,NA,100,425,413,19,12,"No","No","No","No",0,89,NA,4,NA,24,26,84,61,26,12,1,0,1.53999996185303,33,42,161,160,30.97,6194
"2601","21654176058614","M","Sinaloa Middle","Sinaloa Middle",2601,"Novato Unified",499,"Marin",20,NA,99,878,874,NA,4,"Yes","Yes","Yes","Yes",4,2,NA,3,NA,28,28,98,2,4,23,42,30,3.95000004768372,100,0,767,735,30.97,6194
"5394","43696746048797","E","Bowers Elementa","Bowers Elementary",5394,"Santa Clara Unified",656,"Santa Clara",42,NA,99,691,682,6,9,"Yes","No","No","No",39,26,NA,12,19,30,NA,91,9,29,28,26,8,2.95000004768372,96,0,319,283,30.97,6194
"1175","19642876011464","E","Heath (Margaret","Heath (Margaret) Elementary",1175,"Baldwin Park Unified",42,"Los Angeles",18,NA,100,558,515,14,43,"Yes","Yes","Yes","Yes",83,54,NA,10,21,31,NA,0,0,0,0,0,0,NA,68,36,393,381,30.97,6194
"959","15635291530252","H","Arvin High","Arvin High",959,"Kern Union High",334,"Kern",14,NA,97,424,409,20,15,"No","No","No","No",72,42,NA,5,NA,NA,27,87,64,19,10,6,1,1.60000002384186,92,25,1656,968,30.97,6194
"3358","33669933330479","H","Beaumont Senior","Beaumont Senior High",3358,"Beaumont Unified",52,"Riverside",32,NA,99,641,612,9,29,"Yes","Yes","Yes","Yes",35,2,NA,24,NA,NA,27,95,14,30,32,16,8,2.74000000953674,90,10,626,479,30.97,6194
"2285","19649076058523","M","Simons Middle","Simons Middle",2285,"Pomona Unified",570,"Los Angeles",18,NA,100,462,470,17,-8,"No","No","No","No",87,63,NA,28,NA,31,31,84,71,16,8,5,0,1.49000000953674,69,31,1214,992,30.97,6194
"2295","19649316022164","E","Shuey (Emma W.)","Shuey (Emma W.) Elementary",2295,"Rosemead Elementary",613,"Los Angeles",18,NA,100,749,724,4,25,"Yes","Yes","Yes","Yes",66,25,NA,12,21,29,NA,86,33,55,0,10,2,1.92999994754791,78,25,461,395,30.97,6194
"2945","30665066028054","E","Golden Hill Ele","Golden Hill Elementary",2945,"Fullerton Elementary",255,"Orange",29,NA,100,715,682,6,33,"Yes","Yes","Yes","Yes",34,27,NA,15,23,30,NA,93,16,17,25,24,18,3.10999989509583,93,7,489,439,30.97,6194
"2805","27754406105472","E","Gabilan Element","Gabilan Elementary",2805,"Soledad Unified",693,"Monterey",26,NA,100,498,425,19,73,"Yes","Yes","Yes","Yes",87,63,NA,25,20,30,NA,88,42,27,21,8,2,2.01999998092651,72,9,664,494,30.97,6194
"5836","51714646067268","E","Butte Vista Ele","Butte Vista Elementary",5836,"Yuba City Unified",832,"Sutter",50,NA,99,744,722,4,22,"Yes","Yes","Yes","Yes",21,4,NA,29,18,28,NA,76,6,17,22,39,16,3.40000009536743,88,6,225,159,30.97,6194
"3682","34673636059224","M","Don Julio Junio","Don Julio Junior High",3682,"Grant Joint Union High",275,"Sacramento",33,NA,90,564,532,13,32,"Yes","No","No","No",52,4,NA,5,NA,NA,26,89,14,35,29,20,1,2.58999991416931,78,23,740,288,30.97,6194
"483","07617966004907","E","Peres Elementar","Peres Elementary",483,"West Contra Costa Unified",796,"Contra Costa",6,NA,98,448,391,20,57,"Yes","Yes","Yes","Yes",93,34,NA,24,20,33,NA,89,34,54,11,1,0,1.78999996185303,72,13,453,385,30.97,6194
"4105","36678506059448","M","Frisbie Middle","Frisbie Middle",4105,"Rialto Unified",590,"San Bernardino",35,NA,99,496,479,16,17,"Yes","No","No","No",69,25,NA,26,NA,32,30,0,0,0,0,0,0,NA,84,18,1293,1035,30.97,6194
"150","01612426068266","M","Alvarado Middle","Alvarado Middle",150,"New Haven Unified",484,"Alameda",1,NA,100,744,708,5,36,"Yes","Yes","Yes","Yes",20,17,NA,0,NA,29,29,87,5,12,30,37,16,3.46000003814697,100,0,1042,887,30.97,6194
"5745","50711006112627","E","Hickman Charter","Hickman Charter (Alt)",5745,"Hickman Elementary",301,"Stanislaus",49,NA,100,725,737,3,-12,"No","No","No","No",0,0,NA,41,30,30,NA,83,1,14,30,35,21,3.61999988555908,83,17,431,253,30.97,6194
"2883","30664646027619","E","Hanson (Ole) El","Hanson (Ole) Elementary",2883,"Capistrano Unified",108,"Orange",29,NA,99,762,742,3,20,"Yes","Yes","Yes","Yes",20,10,NA,15,18,22,NA,93,11,23,21,31,13,3.10999989509583,100,0,354,322,30.97,6194
"4882","39686766042808","E","Victory Element","Victory Elementary",4882,"Stockton City Unified",716,"San Joaquin",38,NA,99,542,525,14,17,"Yes","Yes","Yes","Yes",76,20,NA,26,20,33,NA,99,41,42,13,5,0,1.82000005245209,92,8,558,490,30.97,6194
"5873","54719106054043","E","Lincoln Element","Lincoln Elementary",5873,"Exeter Union Elementary",226,"Tulare",53,NA,98,693,504,15,189,"Yes","Yes","Yes","Yes",50,18,NA,9,18,NA,NA,93,28,23,27,14,8,2.50999999046326,91,9,196,177,30.97,6194
"3395","33670586031975","E","Kennedy (John F","Kennedy (John F.) Elementary",3395,"Desert Sands Unified",180,"Riverside",32,NA,98,553,542,13,11,"No","No","No","No",72,31,NA,10,20,31,NA,99,31,31,29,6,4,2.22000002861023,94,6,413,364,30.97,6194
"2125","19648086020630","E","Potrero Heights","Potrero Heights Elementary",2125,"Montebello Unified",457,"Los Angeles",18,NA,100,704,651,7,53,"Yes","Yes","Yes","Yes",50,27,NA,12,19,29,NA,86,7,24,36,28,6,3,79,13,247,225,30.97,6194
"2564","20652436024038","E","Ripperdan Eleme","Ripperdan Elementary",2564,"Madera Unified",415,"Madera",19,NA,100,474,476,16,-2,"No","No","No","No",95,68,NA,33,20,33,NA,73,59,30,9,2,0,1.52999997138977,73,27,176,162,30.97,6194
"5594","48705654838801","H","Vanden High","Vanden High",5594,"Travis Unified",747,"Solano",47,NA,100,720,707,5,13,"Yes","Yes","Yes","Yes",9,0,NA,11,NA,NA,27,88,2,16,34,35,13,3.42000007629395,89,11,1018,656,30.97,6194
"2765","27660926058713","M","Los Arboles Mid","Los Arboles Middle",2765,"Monterey Peninsula Unif.",459,"Monterey",26,NA,100,665,639,8,26,"Yes","No","No","No",35,15,NA,12,NA,29,28,77,48,6,39,6,2,2.08999991416931,97,9,702,620,30.97,6194
"2947","30665066028070","M","Ladera Vista Ju","Ladera Vista Junior High",2947,"Fullerton Elementary",255,"Orange",29,NA,100,720,700,5,20,"Yes","Yes","Yes","Yes",33,12,NA,12,NA,NA,27,92,14,19,24,26,18,3.13000011444092,94,6,728,618,30.97,6194
"424","07617546004311","E","Strandwood Elem","Strandwood Elementary",424,"Mt. Diablo Unified",473,"Contra Costa",6,NA,97,827,748,3,79,"Yes","Yes","Yes","Yes",9,3,NA,13,20,33,NA,92,1,10,24,34,31,3.82999992370605,95,5,290,257,30.97,6194
"5806","50755496052575","E","Hughson Element","Hughson Elementary",5806,"Hughson Unified",310,"Stanislaus",49,NA,100,743,703,5,40,"Yes","Yes","Yes","Yes",51,19,"No",13,19,29,NA,88,22,35,24,10,8,2.47000002861023,97,3,439,385,30.97,6194
"677","10621666057327","M","Kings Canyon Mi","Kings Canyon Middle",677,"Fresno Unified",253,"Fresno",9,NA,96,485,478,16,7,"No","No","No","No",85,40,NA,20,NA,NA,27,71,36,24,20,17,3,2.25999999046326,94,25,1029,911,30.97,6194
"3271","31667876031033","M","Cain (E.V.) Mid","Cain (E.V.) Middle",3271,"Auburn Union Elementary",39,"Placer",30,NA,100,759,760,2,-1,"No","No","No","No",24,2,NA,18,NA,NA,26,94,4,16,32,31,17,3.41000008583069,100,4,554,470,30.97,6194
"1101","18641966109748","E","Meadow View Ele","Meadow View Elementary",1101,"Susanville Elementary",728,"Lassen",17,NA,100,752,703,5,49,"Yes","Yes","Yes","Yes",32,0,NA,20,18,27,NA,91,4,18,41,25,12,3.24000000953674,96,0,316,275,30.97,6194
"1321","19645016013213","E","Mulhall Element","Mulhall Elementary",1321,"El Monte City Elementary",203,"Los Angeles",18,NA,95,528,432,18,96,"Yes","Yes","Yes","Yes",88,57,NA,15,22,25,NA,93,58,32,7,2,1,1.57000005245209,86,18,310,255,30.97,6194
"368","07616556070981","E","Garin Elementar","Garin Elementary",368,"Brentwood Union Elem.",80,"Contra Costa",6,NA,99,670,643,8,27,"Yes","No","No","No",32,14,NA,17,19,29,NA,100,11,22,34,27,6,2.97000002861023,94,9,393,322,30.97,6194
"470","07617966004758","E","Fairmont Elemen","Fairmont Elementary",470,"West Contra Costa Unified",796,"Contra Costa",6,NA,94,598,570,12,28,"Yes","Yes","Yes","No",60,16,NA,24,19,30,NA,99,7,48,22,18,5,2.67000007629395,91,4,344,281,30.97,6194
"5139","42692296068902","E","Miguelito Eleme","Miguelito Elementary",5139,"Lompoc Unified",393,"Santa Barbara",41,NA,100,675,637,8,38,"Yes","Yes","Yes","Yes",42,10,NA,15,19,28,NA,91,10,22,45,18,5,2.86999988555908,97,7,373,338,30.97,6194
"4138","36678766036867","E","Del Rosa Elemen","Del Rosa Elementary",4138,"San Bernardino City Unif",627,"San Bernardino",35,NA,92,603,572,11,31,"Yes","Yes","Yes","No",73,12,"No",23,20,32,NA,84,22,32,29,11,5,2.46000003814697,89,9,708,610,30.97,6194
"5018","41689996044374","E","Menlo Oaks Elem","Menlo Oaks Elementary",5018,"Ravenswood City Elem",579,"San Mateo",40,NA,100,512,512,14,0,"No","No","No","No",100,22,NA,31,NA,28,26,92,43,22,16,15,3,2.11999988555908,57,43,262,216,30.97,6194
"1401","19646346014468","E","Freeman (Daniel","Freeman (Daniel) Elementary",1401,"Inglewood Unified",315,"Los Angeles",18,NA,100,728,629,9,99,"Yes","Yes","Yes","Yes",61,3,NA,24,19,28,NA,88,1,31,42,23,3,2.96000003814697,48,48,333,239,30.97,6194
"516","07618046005136","E","Rancho Romero E","Rancho Romero Elementary",516,"San Ramon Valley Unified",650,"Contra Costa",6,NA,100,906,888,NA,18,"Yes","Yes","Yes","Yes",1,1,NA,7,19,29,NA,67,0,1,8,42,49,4.38000011444092,97,6,351,334,30.97,6194
"4176","36678923636487","H","Trona High","Trona High",4176,"Trona Joint Unified",750,"San Bernardino",35,NA,100,588,547,13,41,"Yes","Yes","Yes","Yes",51,1,NA,2,NA,NA,24,92,22,41,34,3,1,2.20000004768372,100,0,166,141,30.97,6194
"1323","19645016013239","E","Norwood Element","Norwood Elementary",1323,"El Monte City Elementary",203,"Los Angeles",18,NA,100,591,531,13,60,"Yes","Yes","Yes","Yes",82,50,NA,16,19,27,NA,93,43,25,18,11,4,2.0699999332428,76,14,314,277,30.97,6194
"5288","43695756047823","E","Latimer Element","Latimer Elementary",5288,"Moreland Elementary",462,"Santa Clara",42,NA,99,796,765,2,31,"Yes","Yes","Yes","Yes",23,15,NA,17,19,28,NA,97,11,19,34,25,11,3.05999994277954,96,4,324,269,30.97,6194
"4948","41688586043392","E","Bayshore Elemen","Bayshore Elementary",4948,"Bayshore Elementary",49,"San Mateo",40,NA,100,722,629,9,93,"Yes","Yes","Yes","Yes",57,11,NA,13,22,24,NA,97,19,46,24,11,1,2.28999996185303,94,6,131,111,30.97,6194
"3466","33671246107890","E","Bear Valley Ele","Bear Valley Elementary",3466,"Moreno Valley Unified",463,"Riverside",32,NA,99,579,519,14,60,"Yes","Yes","Yes","Yes",67,24,NA,28,19,31,NA,96,16,30,36,13,5,2.60999989509583,85,10,531,428,30.97,6194
"4370","37681223732179","H","Fallbrook High","Fallbrook High",4370,"Fallbrook Union High",232,"San Diego",36,NA,98,657,651,7,6,"No","No","No","No",29,18,NA,12,NA,NA,28,92,20,13,23,33,12,3.02999997138977,96,6,1888,988,30.97,6194
"3498","33671736115448","E","Two Bunch Palms","Two Bunch Palms Elementary",3498,"Palm Springs Unified",531,"Riverside",32,NA,100,474,436,18,38,"Yes","Yes","Yes","Yes",75,41,NA,27,21,28,NA,43,44,24,22,8,2,1.99000000953674,82,45,433,378,30.97,6194
"4824","39685856104038","E","Creekside Eleme","Creekside Elementary",4824,"Lodi Unified",390,"San Joaquin",38,NA,99,573,584,11,-11,"No","No","No","No",46,19,"No",25,20,30,NA,87,14,23,41,16,7,2.77999997138977,90,12,615,467,30.97,6194
"963","15635291530435","H","Kern Workforce ","Kern Workforce 2000 Academy (Charter)",963,"Kern Union High",334,"Kern",14,NA,90,348,347,23,1,"No","No","No","No",10,16,NA,67,NA,NA,NA,71,38,34,15,11,2,2.03999996185303,NA,NA,475,196,30.97,6194
"3022","30665226028807","E","Paine (Thomas) ","Paine (Thomas) Elementary",3022,"Garden Grove Unified",259,"Orange",29,NA,100,708,641,8,67,"Yes","Yes","Yes","Yes",59,69,NA,14,21,31,NA,8,6,47,28,19,0,2.58999991416931,93,7,410,349,30.97,6194
"5553","47705086050967","E","Gold Street Ele","Gold Street Elementary",5553,"Yreka Union Elementary",830,"Siskiyou",46,NA,99,699,666,7,33,"Yes","Yes","Yes","Yes",53,3,NA,30,20,24,NA,98,12,18,43,19,7,2.91000008583069,100,0,260,216,30.97,6194
"4550","37683386040174","E","Spreckels Eleme","Spreckels Elementary",4550,"San Diego City Unified",630,"San Diego",36,NA,100,738,703,5,35,"Yes","Yes","Yes","Yes",48,36,NA,9,19,29,NA,76,18,10,13,25,35,3.49000000953674,97,5,474,465,30.97,6194
"1055","16638916010367","E","Mark Twain Elem","Mark Twain Elementary",1055,"Corcoran Joint Unified",155,"Kings",15,NA,98,529,478,16,51,"Yes","Yes","Yes","Yes",74,9,NA,5,NA,28,NA,93,26,35,25,11,3,2.30999994277954,95,0,473,397,30.97,6194
"2594","21654176024525","E","Lynwood Element","Lynwood Elementary",2594,"Novato Unified",499,"Marin",20,NA,96,757,772,1,-15,"No","No","No","No",42,20,NA,25,19,28,NA,90,13,18,22,19,27,3.29999995231628,100,0,297,237,30.97,6194
"5531","45701364532750","H","Enterprise High","Enterprise High",5531,"Shasta Union High",683,"Shasta",44,NA,98,674,676,6,-2,"No","No","No","No",21,0,NA,13,NA,NA,26,89,7,17,34,28,14,3.24000000953674,100,0,996,548,30.97,6194
"5761","50711676107023","E","Martone (Albert","Martone (Alberta) Elementary",5761,"Modesto City Elementary",449,"Stanislaus",49,NA,99,741,738,3,3,"Yes","No","No","No",49,9,"No",22,22,31,NA,85,13,24,40,14,10,2.82999992370605,100,0,644,517,30.97,6194
"6157","57726946056352","E","Elkhorn Village","Elkhorn Village Elementary",6157,"Washington Unified",787,"Yolo",56,NA,100,475,411,19,64,"Yes","Yes","Yes","Yes",90,43,NA,25,23,26,NA,100,54,31,13,3,0,1.63999998569489,90,3,393,368,30.97,6194
"3425","33670903337136","H","Rubidoux High","Rubidoux High",3425,"Jurupa Unified",328,"Riverside",32,NA,91,533,527,14,6,"No","No","No","No",37,8,NA,14,NA,NA,29,85,25,22,30,19,4,2.55999994277954,85,13,1780,1461,30.97,6194
"698","10621666111231","E","Anthony (Susan ","Anthony (Susan B.) Elementary",698,"Fresno Unified",253,"Fresno",9,NA,99,427,443,18,-16,"No","No","No","No",100,59,"No",28,19,27,NA,93,59,27,9,5,1,1.61000001430511,95,12,594,533,30.97,6194
"3895","36675876035174","E","Adelanto Elemen","Adelanto Elementary",3895,"Adelanto Elementary",5,"San Bernardino",35,NA,98,536,464,17,72,"Yes","Yes","Yes","Yes",97,38,NA,31,19,25,NA,76,50,21,23,5,2,1.87000000476837,86,14,334,246,30.97,6194
"5399","43696746048870","E","Mayne (George) ","Mayne (George) Elementary",5399,"Santa Clara Unified",656,"Santa Clara",42,NA,99,504,490,16,14,"No","No","No","No",59,42,NA,13,19,30,NA,89,24,38,24,12,2,2.30999994277954,93,4,275,246,30.97,6194
"5147","42692606045785","M","Orcutt Junior H","Orcutt Junior High",5147,"Orcutt Union Elementary",519,"Santa Barbara",41,NA,100,771,758,2,13,"Yes","Yes","Yes","Yes",21,3,NA,7,NA,NA,25,70,3,12,48,20,17,3.38000011444092,97,3,603,537,30.97,6194
"2078","19647336100069","E","Balboa Gifted/H","Balboa Gifted/High Ability Magnet Elemen",2078,"Los Angeles Unified",401,"Los Angeles",18,NA,100,965,952,NA,13,"Yes","Yes","Yes","Yes",15,1,NA,21,19,32,NA,99,0,9,12,45,34,4.03999996185303,100,0,590,572,30.97,6194
"1877","19647336018808","E","Purche Avenue E","Purche Avenue Elementary",1877,"Los Angeles Unified",401,"Los Angeles",18,NA,99,559,497,15,62,"Yes","Yes","Yes","Yes",78,8,NA,19,18,30,NA,29,2,25,29,40,5,3.22000002861023,77,29,451,400,30.97,6194
"5253","43694844332839","H","Gilroy High","Gilroy High",5253,"Gilroy Unified",265,"Santa Clara",42,NA,93,590,602,10,-12,"No","No","No","No",26,22,NA,10,NA,NA,29,90,21,19,25,25,9,2.8199999332428,78,18,1732,1455,30.97,6194
"2543","19753416022156","E","Washington Elem","Washington Elementary",2543,"Redondo Beach Unified",585,"Los Angeles",18,NA,100,745,615,9,130,"Yes","Yes","Yes","Yes",41,20,NA,16,19,30,NA,81,11,26,32,16,16,2.99000000953674,100,3,391,313,30.97,6194
"347","05615806111884","M","Avery Middle","Avery Middle",347,"Vallecito Union Elem",769,"Calaveras",4,NA,99,790,775,1,15,"Yes","No","No","No",22,0,NA,10,NA,26,26,76,4,18,35,28,16,3.33999991416931,100,0,419,352,30.97,6194
"2214","19648656021356","E","Soleado Element","Soleado Elementary",2214,"Palos Verdes Penin. Unif.",536,"Los Angeles",18,NA,100,915,885,NA,30,"Yes","Yes","Yes","Yes",3,20,NA,16,17,34,NA,48,0,1,4,35,60,4.53999996185303,90,10,274,231,30.97,6194
"6056","56726035636188","H","Simi Valley Hig","Simi Valley High",6056,"Simi Valley Unified",689,"Ventura",55,NA,98,734,751,2,-17,"No","No","No","No",8,3,NA,6,NA,NA,31,1,7,21,21,43,7,3.21000003814697,98,1,1589,1490,30.97,6194
"5324","43696256067243","E","Santa Teresa El","Santa Teresa Elementary",5324,"Oak Grove Elementary",501,"Santa Clara",42,NA,96,787,756,2,31,"Yes","No","No","No",20,16,NA,21,20,31,NA,93,8,21,25,34,13,3.23000001907349,71,18,348,271,30.97,6194
"3111","30666476097018","E","Tynes (John O.)","Tynes (John O.) Elementary",3111,"Placentia-Yorba Linda",556,"Orange",29,NA,100,579,553,12,26,"Yes","Yes","Yes","Yes",70,51,NA,16,20,31,NA,0,0,0,100,0,0,3,100,3,712,637,30.97,6194
"4236","36750696037238","E","Foothill Knolls","Foothill Knolls Elementary",4236,"Upland Unified",763,"San Bernardino",35,NA,100,737,664,7,73,"Yes","Yes","Yes","Yes",36,6,NA,18,20,30,NA,94,9,26,35,18,11,2.96000003814697,100,0,387,290,30.97,6194
"59","01611766000640","E","Green (Harvey) ","Green (Harvey) Elementary",59,"Fremont Unified",248,"Alameda",1,NA,100,719,702,5,17,"Yes","No","No","No",24,6,NA,22,21,30,NA,98,13,33,25,20,8,2.78999996185303,90,10,361,296,30.97,6194
"4238","36750696037253","M","Pioneer Junior ","Pioneer Junior High",4238,"Upland Unified",763,"San Bernardino",35,NA,99,794,776,1,18,"Yes","Yes","Yes","Yes",7,2,NA,10,NA,NA,33,97,2,11,27,37,22,3.67000007629395,86,14,943,837,30.97,6194
"117","01611926113815","E","Hayward Project","Hayward Project Elem",117,"Hayward Unified",294,"Alameda",1,NA,97,596,578,11,18,"Yes","No","No","No",53,6,NA,47,21,25,NA,91,3,32,31,25,8,3.04999995231628,50,13,132,113,30.97,6194
"2077","19647336097927","E","Open Magnet: Ce","Open Magnet: Center for Individual (Char",2077,"Los Angeles Unified",401,"Los Angeles",18,NA,99,840,816,NA,24,"Yes","No","No","No",33,25,NA,11,20,29,NA,0,0,0,0,0,0,NA,100,0,276,241,30.97,6194
"5272","43695186047492","E","Santa Rita Elem","Santa Rita Elementary",5272,"Los Altos Elementary",399,"Santa Clara",42,NA,99,952,926,NA,26,"Yes","Yes","Yes","Yes",3,7,NA,13,19,27,NA,97,1,2,9,27,61,4.44999980926514,96,4,351,292,30.97,6194
"2813","28662666026769","E","Alta Heights El","Alta Heights Elementary",2813,"Napa Valley Unified",478,"Napa",27,NA,100,794,760,2,34,"Yes","Yes","Yes","Yes",20,3,NA,9,19,31,NA,89,5,19,36,27,14,3.25999999046326,100,3,372,355,30.97,6194
"382","07617136003792","E","Springhill Elem","Springhill Elementary",382,"Lafayette Elementary",352,"Contra Costa",6,NA,100,905,885,NA,20,"Yes","Yes","Yes","Yes",0,1,NA,12,20,28,NA,93,0,1,8,51,40,4.30999994277954,100,0,368,313,30.97,6194
"2831","28662666058796","M","Silverado Middl","Silverado Middle",2831,"Napa Valley Unified",478,"Napa",27,NA,98,660,622,9,38,"Yes","No","No","No",36,8,NA,15,NA,NA,27,96,22,19,26,21,11,2.78999996185303,94,6,895,783,30.97,6194
"3729","34674393431012","H","Burbank (Luther","Burbank (Luther) High",3729,"Sacramento City Unified",620,"Sacramento",33,NA,92,497,463,17,34,"Yes","Yes","Yes","Yes",53,42,NA,18,NA,NA,28,48,34,27,23,14,2,2.24000000953674,98,11,1632,1209,30.97,6194
"1984","19647336019921","E","Westport Height","Westport Heights Elementary",1984,"Los Angeles Unified",401,"Los Angeles",18,NA,100,666,641,8,25,"Yes","Yes","Yes","Yes",59,23,NA,16,18,26,NA,55,6,23,27,42,2,3.10999989509583,75,9,414,369,30.97,6194
"4790","39685446110373","E","Monticello Elem","Monticello Elementary",4790,"Jefferson Elementary",322,"San Joaquin",38,NA,100,801,750,3,51,"Yes","Yes","Yes","Yes",10,2,NA,22,16,NA,NA,99,2,10,39,31,17,3.50999999046326,97,7,226,166,30.97,6194
"2521","19752916022487","E","Wilson Elementa","Wilson Elementary",2521,"San Gabriel Unified",633,"Los Angeles",18,NA,98,765,778,1,-13,"No","No","No","No",26,21,NA,14,19,29,NA,86,4,26,12,54,4,3.26999998092651,86,14,232,188,30.97,6194
"3847","34674476034763","E","Sunrise Element","Sunrise Elementary",3847,"San Juan Unified",636,"Sacramento",33,NA,99,722,698,5,24,"Yes","No","No","No",45,4,NA,26,20,37,NA,93,10,67,14,6,3,2.25999999046326,94,0,267,224,30.97,6194
"402","07617546003966","E","Bancroft Elemen","Bancroft Elementary",402,"Mt. Diablo Unified",473,"Contra Costa",6,NA,100,893,845,NA,48,"Yes","Yes","Yes","Yes",7,4,NA,16,20,30,NA,84,0,3,14,39,43,4.21999979019165,93,4,382,312,30.97,6194
"5526","45700526050405","E","Millville Eleme","Millville Elementary",5526,"Millville Elementary",447,"Shasta",44,NA,100,834,752,2,82,"Yes","Yes","Yes","Yes",41,0,NA,17,18,29,31,97,4,26,29,29,12,3.20000004768372,100,0,173,117,30.97,6194
"637","10621666006159","E","Columbia Elemen","Columbia Elementary",637,"Fresno Unified",253,"Fresno",9,NA,100,447,409,20,38,"Yes","Yes","Yes","Yes",100,51,NA,22,20,29,NA,84,61,19,15,4,2,1.66999995708466,100,7,396,344,30.97,6194
"4858","39686763937406","H","Stagg Senior Hi","Stagg Senior High",4858,"Stockton City Unified",716,"San Joaquin",38,NA,97,582,551,12,31,"Yes","No","No","No",36,14,NA,10,NA,NA,30,94,34,19,26,17,3,2.35999989509583,89,10,2106,1701,30.97,6194
"1068","16739326010565","E","Avenal Elementa","Avenal Elementary",1068,"Reef-Sunset Unified",588,"Kings",15,NA,100,410,372,21,38,"Yes","Yes","Yes","Yes",100,65,NA,30,18,29,NA,81,56,24,16,3,2,1.72000002861023,65,37,581,524,30.97,6194
"6078","56726036084925","M","Hillside Middle","Hillside Middle",6078,"Simi Valley Unified",689,"Ventura",55,NA,99,728,704,5,24,"Yes","Yes","Yes","Yes",16,5,NA,41,NA,31,34,0,0,0,0,0,0,NA,100,0,1125,1058,30.97,6194
"3774","34674396034276","E","Sutterville Ele","Sutterville Elementary",3774,"Sacramento City Unified",620,"Sacramento",33,NA,99,818,790,1,28,"Yes","Yes","Yes","Yes",28,15,NA,18,22,32,NA,70,4,13,22,33,28,3.6800000667572,100,4,351,323,30.97,6194
"2206","19648656021257","M","Palos Verdes In","Palos Verdes Intermediate",2206,"Palos Verdes Penin. Unif.",536,"Los Angeles",18,NA,100,905,885,NA,20,"Yes","Yes","Yes","Yes",2,9,NA,8,NA,33,30,56,0,1,3,30,66,4.59999990463257,90,10,1168,1072,30.97,6194
"4205","36738906104681","M","Fort Irwin Midd","Fort Irwin Middle",4205,"Silver Valley Unified",688,"San Bernardino",35,NA,100,698,675,6,23,"Yes","Yes","Yes","Yes",26,1,NA,58,NA,27,20,79,1,11,42,35,11,3.4300000667572,53,47,639,267,30.97,6194
"3949","36676786035588","E","Walnut Avenue E","Walnut Avenue Elementary",3949,"Chino Valley Unified",131,"San Bernardino",35,NA,98,644,593,10,51,"Yes","Yes","Yes","Yes",52,23,"No",23,20,31,NA,71,21,29,32,15,4,2.52999997138977,84,14,659,533,30.97,6194
"708","10622651035310","H","Reedley High","Reedley High",708,"Kings Canyon Unified",339,"Fresno",9,NA,98,577,553,12,24,"Yes","Yes","Yes","Yes",62,24,NA,4,NA,NA,27,1,46,15,23,15,0,2.07999992370605,88,10,1418,1022,30.97,6194
"148","01612426001622","E","Searles Element","Searles Elementary",148,"New Haven Unified",484,"Alameda",1,NA,100,677,649,8,28,"Yes","No","No","No",40,31,NA,13,20,29,NA,97,20,25,28,17,10,2.71000003814697,100,0,716,615,30.97,6194
"177","01612596001853","E","Glenview Elemen","Glenview Elementary",177,"Oakland Unified",507,"Alameda",1,NA,97,633,618,9,15,"Yes","No","No","No",60,32,NA,9,20,31,NA,54,11,19,37,20,13,3.05999994277954,96,4,276,247,30.97,6194
"2559","20652436023980","E","Madison Element","Madison Elementary",2559,"Madera Unified",415,"Madera",19,NA,100,479,397,20,82,"Yes","Yes","Yes","Yes",92,45,"No",26,20,36,NA,99,53,39,7,1,0,1.55999994277954,88,20,318,274,30.97,6194
"3091","30666476029995","E","Brookhaven Elem","Brookhaven Elementary",3091,"Placentia-Yorba Linda",556,"Orange",29,NA,100,852,829,NA,23,"Yes","Yes","Yes","Yes",4,1,NA,8,20,35,NA,1,0,0,0,33,67,4.67000007629395,100,0,344,310,30.97,6194
"2261","19649071937028","H","Pomona Senior H","Pomona Senior High",2261,"Pomona Unified",570,"Los Angeles",18,NA,98,509,483,16,26,"Yes","Yes","Yes","Yes",68,40,NA,18,NA,NA,29,85,42,24,20,11,2,2.07999992370605,74,26,1264,991,30.97,6194
"208","01612596002216","E","Thornhill Eleme","Thornhill Elementary",208,"Oakland Unified",507,"Alameda",1,NA,96,884,867,NA,17,"Yes","No","No","No",6,8,NA,8,19,29,NA,94,2,5,13,25,55,4.26000022888184,100,0,227,185,30.97,6194
"6027","56725536055396","E","Camarillo Heigh","Camarillo Heights Elementary",6027,"Pleasant Valley Elem",564,"Ventura",55,NA,99,813,785,1,28,"Yes","Yes","Yes","Yes",7,2,NA,17,20,31,NA,99,2,8,27,59,4,3.53999996185303,95,5,346,314,30.97,6194
"2366","19650606023287","E","Victor Elementa","Victor Elementary",2366,"Torrance Unified",744,"Los Angeles",18,NA,99,813,748,3,65,"Yes","Yes","Yes","Yes",21,31,NA,23,18,34,NA,95,3,15,26,33,23,3.58999991416931,92,12,682,495,30.97,6194
"4773","38684786072052","M","Potrero Hill Mi","Potrero Hill Middle",4773,"San Francisco Unified",632,"San Francisco",37,NA,83,482,472,16,10,"No","No","No","No",60,31,NA,11,NA,14,17,76,13,42,23,20,2,2.55999994277954,80,10,453,316,30.97,6194
"1088","17640556105456","E","Cobb Mountain E","Cobb Mountain Elementary",1088,"Middletown Unified",444,"Lake",16,NA,89,804,775,1,29,"Yes","Yes","Yes","No",28,0,NA,23,22,30,NA,83,6,35,29,20,10,2.92000007629395,100,0,207,147,30.97,6194
"2739","27659956026082","E","Chualar Element","Chualar Elementary",2739,"Chualar Union Elementary",134,"Monterey",26,NA,100,447,404,20,43,"Yes","Yes","Yes","Yes",97,82,NA,12,19,26,NA,55,58,20,11,7,4,1.78999996185303,72,0,217,189,30.97,6194
"3606","33752426111033","M","Vista Verde Mid","Vista Verde Middle",3606,"Val Verde Unified",767,"Riverside",32,NA,98,630,628,9,2,"No","No","No","No",44,8,NA,17,NA,33,32,97,14,21,38,19,9,2.89000010490417,78,22,1252,965,30.97,6194
"764","10752756111553","M","Foothill Middle","Foothill Middle",764,"Sierra Unified",686,"Fresno",9,NA,100,739,735,3,4,"Yes","No","No","No",37,0,NA,12,NA,28,26,84,7,34,25,19,15,3.00999999046326,100,0,446,387,30.97,6194
"3412","33670826032106","E","Hemet Elementar","Hemet Elementary",3412,"Hemet Unified",298,"Riverside",32,NA,100,658,634,8,24,"Yes","Yes","Yes","Yes",86,21,"No",25,20,31,NA,90,32,36,24,6,2,2.09999990463257,90,6,611,486,30.97,6194
"2497","19734526022388","E","Villacorta Elem","Villacorta Elementary",2497,"Rowland Unified",619,"Los Angeles",18,NA,100,564,519,14,45,"Yes","Yes","Yes","Yes",81,50,NA,18,20,28,NA,55,33,29,24,11,3,2.23000001907349,63,35,596,504,30.97,6194
"526","07618046108161","E","Golden View Ele","Golden View Elementary",526,"San Ramon Valley Unified",650,"Contra Costa",6,NA,100,894,860,NA,34,"Yes","Yes","Yes","Yes",0,3,NA,9,20,31,NA,99,0,4,10,41,45,4.28000020980835,89,11,390,356,30.97,6194
"4028","36677106114052","E","Date Elementary","Date Elementary",4028,"Fontana Unified",238,"San Bernardino",35,NA,96,460,429,19,31,"Yes","Yes","Yes","Yes",93,49,"No",23,19,30,NA,14,51,24,17,8,0,1.83000004291534,76,24,483,409,30.97,6194
"947","15634796112783","E","Columbia Elemen","Columbia Elementary",947,"Fruitvale Elementary",254,"Kern",14,NA,100,787,770,2,17,"Yes","Yes","Yes","Yes",19,1,NA,20,20,30,NA,81,1,17,39,27,16,3.39000010490417,92,8,381,310,30.97,6194
"2434","19734376012389","E","Roosevelt Eleme","Roosevelt Elementary",2434,"Compton Unified",153,"Los Angeles",18,NA,100,494,485,16,9,"No","No","No","No",97,71,NA,20,20,32,NA,46,39,36,13,11,1,1.98000001907349,26,78,933,847,30.97,6194
"763","10752756005755","E","Auberry Element","Auberry Elementary",763,"Sierra Unified",686,"Fresno",9,NA,100,772,698,5,74,"Yes","Yes","Yes","Yes",37,0,NA,11,19,22,NA,83,8,34,28,17,14,2.95000004768372,100,0,253,233,30.97,6194
"3352","33669776031595","M","Wells Intermedi","Wells Intermediate",3352,"Alvord Unified",19,"Riverside",32,NA,97,537,513,14,24,"Yes","No","No","No",52,37,NA,20,NA,NA,30,91,41,26,24,9,1,2.03999996185303,59,38,841,640,30.97,6194
"253","01613096002547","E","Dayton Elementa","Dayton Elementary",253,"San Lorenzo Unified",638,"Alameda",1,NA,99,676,622,9,54,"Yes","Yes","Yes","Yes",27,26,NA,17,21,32,NA,75,12,24,37,23,4,2.8199999332428,100,0,397,325,30.97,6194
"2930","30664806027866","E","Cawthon (Robert","Cawthon (Robert C.) Elementary",2930,"Cypress Elementary",171,"Orange",29,NA,100,868,834,NA,34,"Yes","Yes","Yes","Yes",19,5,NA,8,20,30,NA,100,4,17,42,37,0,3.11999988555908,100,0,308,269,30.97,6194
"4721","38684786041081","E","Golden Gate Ele","Golden Gate Elementary",4721,"San Francisco Unified",632,"San Francisco",37,NA,91,544,496,15,48,"Yes","Yes","Yes","No",84,54,NA,7,18,20,NA,82,35,42,14,6,2,1.98000001907349,58,21,215,190,30.97,6194
"5108","42691466045314","E","Main Elementary","Main Elementary",5108,"Carpinteria Unified",112,"Santa Barbara",41,NA,100,740,721,4,19,"Yes","Yes","Yes","Yes",42,29,NA,9,20,30,NA,91,22,15,28,22,13,2.88000011444092,94,6,339,307,30.97,6194
"1187","19642956011589","E","Erwin (Thomas E","Erwin (Thomas E.) Elementary",1187,"Bassett Unified",48,"Los Angeles",18,NA,100,584,530,14,54,"Yes","Yes","Yes","Yes",82,28,NA,14,21,34,NA,1,60,20,0,20,0,1.79999995231628,68,32,532,476,30.97,6194
"1393","19645926014013","E","York Elementary","York Elementary",1393,"Hawthorne Elementary",293,"Los Angeles",18,NA,98,548,485,16,63,"Yes","Yes","Yes","Yes",90,58,"No",22,19,27,NA,90,30,33,28,6,2,2.17000007629395,47,49,574,447,30.97,6194
"5473","44697996049829","E","Alianza Element","Alianza Elementary",5473,"Pajaro Valley Joint Unif",529,"Santa Cruz",43,NA,100,382,404,20,-22,"No","Yes","No","No",70,84,NA,18,19,29,NA,98,56,24,10,4,5,1.77999997138977,81,14,443,391,30.97,6194
"4486","37683386039267","E","Boone Elementar","Boone Elementary",4486,"San Diego City Unified",630,"San Diego",36,NA,99,706,701,5,5,"Yes","No","No","No",62,15,NA,13,21,28,NA,87,12,27,27,29,6,2.90000009536743,100,2,645,598,30.97,6194
"3620","34673146033005","E","Mack (Charles E","Mack (Charles E.) Elementary",3620,"Elk Grove Unified",209,"Sacramento",33,NA,100,584,527,14,57,"Yes","Yes","Yes","Yes",82,36,"No",30,21,31,NA,87,23,33,35,7,3,2.33999991416931,91,6,728,607,30.97,6194
"456","07617960730291","H","Middle College ","Middle College High",456,"West Contra Costa Unified",796,"Contra Costa",6,NA,98,754,755,2,-1,"No","No","No","No",21,12,NA,43,NA,NA,23,95,25,18,26,26,6,2.69000005722046,80,20,174,158,30.97,6194
"1936","19647336019434","E","Tarzana Element","Tarzana Elementary",1936,"Los Angeles Unified",401,"Los Angeles",18,NA,99,638,531,13,107,"Yes","Yes","Yes","Yes",74,33,NA,15,18,31,NA,53,11,30,19,38,2,2.89000010490417,54,50,346,298,30.97,6194
"4596","37683386112726","E","Dingeman (Rober","Dingeman (Robert E.) Elementary",4596,"San Diego City Unified",630,"San Diego",36,NA,99,883,864,NA,19,"Yes","Yes","Yes","Yes",4,3,NA,9,20,30,NA,93,1,10,9,52,28,3.98000001907349,97,3,556,526,30.97,6194
"2020","19647336058093","M","Lawrence (Ernes","Lawrence (Ernest) Middle",2020,"Los Angeles Unified",401,"Los Angeles",18,NA,98,660,642,8,18,"Yes","No","No","No",52,22,NA,14,NA,32,31,71,12,17,25,36,10,3.14000010490417,77,16,1911,1647,30.97,6194
"5297","43695836095384","M","Britton (Lewis ","Britton (Lewis H.) Middle",5297,"Morgan Hill Unified",464,"Santa Clara",42,NA,98,708,716,4,-8,"No","No","No","No",20,13,NA,13,NA,NA,29,35,3,12,29,29,28,3.67000007629395,94,6,1135,989,30.97,6194
"3764","34674396034169","E","Nicholas Elemen","Nicholas Elementary",3764,"Sacramento City Unified",620,"Sacramento",33,NA,99,607,529,14,78,"Yes","Yes","Yes","Yes",100,41,NA,29,22,33,NA,68,33,44,16,7,1,2,100,9,429,357,30.97,6194
"950","15635036009559","E","Fairview Elemen","Fairview Elementary",950,"Greenfield Union Elem",278,"Kern",14,NA,98,544,493,15,51,"Yes","Yes","Yes","Yes",94,15,NA,19,18,23,NA,98,67,23,8,1,1,1.44000005722046,94,6,336,279,30.97,6194
"101","01611926001069","E","Markham Element","Markham Elementary",101,"Hayward Unified",294,"Alameda",1,NA,100,607,604,10,3,"No","No","No","No",58,19,NA,22,19,32,NA,63,9,24,38,22,7,2.95000004768372,97,6,412,331,30.97,6194
"3145","30666706099816","E","Greenville Fund","Greenville Fundamental",3145,"Santa Ana Unified",653,"Orange",29,NA,100,806,815,NA,-9,"Yes","No","No","No",32,14,NA,20,21,30,NA,77,10,24,43,14,9,2.88000011444092,91,9,695,673,30.97,6194
"3603","33752426108047","E","Victoriano Elem","Victoriano Elementary",3603,"Val Verde Unified",767,"Riverside",32,NA,95,708,701,5,7,"Yes","No","No","No",44,7,NA,21,23,29,NA,99,15,28,34,18,5,2.70000004768372,86,7,457,348,30.97,6194
"2562","20652436024012","E","La Vina Element","La Vina Elementary",2562,"Madera Unified",415,"Madera",19,NA,100,487,435,18,52,"Yes","Yes","Yes","Yes",97,86,NA,18,20,31,NA,77,84,15,2,0,0,1.17999994754791,93,0,213,186,30.97,6194
"4512","37683386039630","E","Fulton Elementa","Fulton Elementary",4512,"San Diego City Unified",630,"San Diego",36,NA,100,682,615,9,67,"Yes","Yes","Yes","Yes",78,16,NA,19,19,30,NA,76,11,27,33,23,7,2.85999989509583,84,9,300,284,30.97,6194
"641","10621666006217","E","Ericson Element","Ericson Elementary",641,"Fresno Unified",253,"Fresno",9,NA,99,513,493,15,20,"Yes","No","No","No",88,37,NA,26,19,28,NA,64,35,29,24,10,2,2.14000010490417,100,2,551,482,30.97,6194
"1121","19642126061220","M","Haskell (Pliny ","Haskell (Pliny Fisk) Middle",1121,"ABC Unified",1,"Los Angeles",18,NA,99,644,613,9,31,"Yes","No","No","No",36,14,NA,13,NA,NA,29,95,16,23,30,23,8,2.82999992370605,86,14,608,485,30.97,6194
"4880","39686766042782","E","Tyler Skills El","Tyler Skills Elementary",4880,"Stockton City Unified",716,"San Joaquin",38,NA,99,625,578,11,47,"Yes","Yes","Yes","Yes",59,8,"No",19,19,28,NA,74,18,44,25,13,1,2.35999989509583,93,5,559,469,30.97,6194
"993","15636851531987","H","Desert Junior/S","Desert Junior/Senior High",993,"Muroc Joint Unified",476,"Kern",14,NA,100,720,704,5,16,"Yes","Yes","Yes","Yes",15,0,NA,21,NA,NA,27,99,0,17,38,34,11,3.38000011444092,79,18,533,417,30.97,6194
"969","15635291534775","H","North High","North High",969,"Kern Union High",334,"Kern",14,NA,97,547,529,14,18,"Yes","No","No","No",38,3,NA,8,NA,NA,26,93,15,31,33,17,4,2.65000009536743,99,11,1467,858,30.97,6194
"1752","19647336017446","E","Hammel Street E","Hammel Street Elementary",1752,"Los Angeles Unified",401,"Los Angeles",18,NA,97,467,442,18,25,"Yes","Yes","Yes","Yes",100,70,NA,16,19,28,NA,65,52,32,9,6,1,1.73000001907349,77,17,621,528,30.97,6194
"4480","37683386039143","E","Audubon Element","Audubon Elementary",4480,"San Diego City Unified",630,"San Diego",36,NA,100,612,528,14,84,"Yes","Yes","Yes","Yes",79,34,NA,15,20,31,NA,85,26,31,25,14,4,2.38000011444092,82,7,354,319,30.97,6194
"4062","36678196036222","E","Edison Elementa","Edison Elementary",4062,"Ontario-Montclair Elem",513,"San Bernardino",35,NA,100,601,574,11,27,"Yes","Yes","Yes","Yes",65,40,NA,15,19,30,NA,96,30,27,27,13,2,2.29999995231628,92,8,338,304,30.97,6194
"2683","24657716025621","E","Franklin Elemen","Franklin Elementary",2683,"Merced City Elementary",440,"Merced",23,NA,99,595,581,11,14,"Yes","No","No","No",82,45,"No",17,19,30,NA,98,29,22,34,13,2,2.36999988555908,91,6,497,461,30.97,6194
