"","cds","stype","name","sname","snum","dname","dnum","cname","cnum","flag","pcttest","api00","api99","target","growth","sch.wide","comp.imp","both","awards","meals","ell","yr.rnd","mobility","acs.k3","acs.46","acs.core","pct.resp","not.hsg","hsg","some.col","col.grad","grad.sch","avg.ed","full","emer","enroll","api.stu","fpc","pw"
"1","01612910137588","H","San Leandro Hig","San Leandro High",236,"San Leandro Unified",637,"Alameda",1,NA,97,608,562,12,46,"Yes","Yes","Yes","Yes",19,22,"No",15,NA,NA,27,90,14,22,27,30,6,2.9300000667572,82,23,1689,1358,757,33.846996307373
"2","01612916002372","E","Garfield Elemen","Garfield Elementary",237,"San Leandro Unified",637,"Alameda",1,NA,100,684,554,12,130,"Yes","Yes","Yes","Yes",39,23,"No",23,19,30,NA,85,8,22,38,24,8,3.01999998092651,79,21,288,223,757,33.846996307373
"3","01612916002398","E","Jefferson Eleme","Jefferson Elementary",238,"San Leandro Unified",637,"Alameda",1,NA,100,612,528,14,84,"Yes","Yes","Yes","Yes",39,27,"No",25,21,30,NA,95,12,24,40,18,6,2.82999992370605,72,31,294,220,757,33.846996307373
"4","01612916002414","E","Madison (James)","Madison (James) Elementary",239,"San Leandro Unified",637,"Alameda",1,NA,100,710,669,7,41,"Yes","No","No","No",23,17,"No",39,19,26,NA,92,4,26,38,18,14,3.11999988555908,75,25,143,110,757,33.846996307373
"5","01612916002422","E","McKinley Elemen","McKinley Elementary",240,"San Leandro Unified",637,"Alameda",1,NA,99,729,660,7,69,"Yes","Yes","Yes","Yes",43,27,"No",23,22,30,NA,85,11,37,26,22,4,2.71000003814697,100,0,307,239,757,33.846996307373
"6","01612916002430","E","Monroe Elementa","Monroe Elementary",241,"San Leandro Unified",637,"Alameda",1,NA,100,714,673,6,41,"Yes","Yes","Yes","Yes",36,24,"No",17,21,28,NA,97,10,30,33,19,7,2.84999990463257,89,7,311,265,757,33.846996307373
"7","01612916002448","E","Roosevelt Eleme","Roosevelt Elementary",242,"San Leandro Unified",637,"Alameda",1,NA,99,759,693,5,66,"Yes","Yes","Yes","Yes",17,10,"No",14,21,30,NA,95,3,16,24,34,23,3.5699999332428,90,10,362,309,757,33.846996307373
"8","01612916002455","E","Washington Elem","Washington Elementary",243,"San Leandro Unified",637,"Alameda",1,NA,99,585,567,12,18,"Yes","No","No","No",43,33,"No",18,21,31,NA,70,6,18,27,33,16,3.33999991416931,78,17,263,224,757,33.846996307373
"9","01612916002463","E","Wilson Elementa","Wilson Elementary",244,"San Leandro Unified",637,"Alameda",1,NA,100,625,576,11,49,"Yes","Yes","Yes","Yes",48,36,"No",17,21,28,NA,93,13,31,32,19,5,2.70000004768372,96,4,583,469,757,33.846996307373
"10","01612916057111","M","Bancroft Middle","Bancroft Middle",245,"San Leandro Unified",637,"Alameda",1,NA,100,664,598,10,66,"Yes","Yes","Yes","Yes",28,21,"No",16,NA,30,28,85,13,25,28,24,11,2.96000003814697,76,24,886,705,757,33.846996307373
"11","01612916066518","M","Muir (John) Mid","Muir (John) Middle",246,"San Leandro Unified",637,"Alameda",1,NA,99,669,619,9,50,"Yes","Yes","Yes","Yes",37,26,"No",18,NA,30,26,94,10,25,35,24,6,2.91000008583069,85,15,955,773,757,33.846996307373
"12","10751271030493","H","Mendota High","Mendota High",754,"Mendota Unified",437,"Fresno",9,NA,94,443,414,19,29,"Yes","Yes","Yes","Yes",84,52,"No",98,NA,NA,27,53,66,15,11,6,2,1.62999999523163,54,35,418,358,757,33.846996307373
"13","10751276006969","E","McCabe Elementa","McCabe Elementary",755,"Mendota Unified",437,"Fresno",9,NA,96,467,420,19,47,"Yes","Yes","Yes","Yes",96,70,"No",12,18,29,NA,95,57,23,16,3,1,1.69000005722046,90,0,574,439,757,33.846996307373
"14","10751276006977","M","McCabe Junior H","McCabe Junior High",756,"Mendota Unified",437,"Fresno",9,NA,99,482,404,20,78,"Yes","Yes","Yes","Yes",98,73,"No",2,NA,NA,28,98,74,21,4,1,0,1.33000004291534,64,29,286,260,757,33.846996307373
"15","10751276006985","E","Washington Elem","Washington Elementary",757,"Mendota Unified",437,"Fresno",9,NA,88,496,365,22,131,"Yes","Yes","Yes","No",98,72,"No",9,20,NA,NA,98,63,17,17,4,0,1.61000001430511,81,15,158,127,757,33.846996307373
"16","15638346010227","M","Sunset Elementa","Sunset Elementary",1023,"Vineland Elementary",778,"Kern",14,NA,100,411,408,20,3,"No","No","No","No",97,42,"No",18,NA,30,32,94,63,26,6,5,1,1.55999994277954,81,19,372,291,757,33.846996307373
"17","15638346010235","E","Vineland Elemen","Vineland Elementary",1024,"Vineland Elementary",778,"Kern",14,NA,99,494,404,20,90,"Yes","Yes","Yes","Yes",97,53,"No",18,18,29,NA,97,66,21,9,3,0,1.49000000953674,62,38,308,241,757,33.846996307373
"18","19644856012975","E","Ceres Elementar","Ceres Elementary",1300,"East Whittier City Elem",197,"Los Angeles",18,NA,96,493,469,17,24,"Yes","Yes","Yes","Yes",61,38,"No",17,17,29,NA,96,19,40,31,10,1,2.33999991416931,61,36,358,294,757,33.846996307373
"19","19644856012991","M","East Whittier M","East Whittier Middle",1301,"East Whittier City Elem",197,"Los Angeles",18,NA,98,592,601,10,-9,"No","No","No","No",35,25,"No",9,NA,29,29,55,18,19,31,22,10,2.86999988555908,76,16,921,801,757,33.846996307373
"20","19644856013007","E","Evergreen Eleme","Evergreen Elementary",1302,"East Whittier City Elem",197,"Los Angeles",18,NA,99,550,464,17,86,"Yes","Yes","Yes","Yes",84,67,"No",15,18,30,NA,91,40,45,13,3,0,1.79999995231628,63,22,375,297,757,33.846996307373
"21","19644856013015","M","Granada Middle","Granada Middle",1303,"East Whittier City Elem",197,"Los Angeles",18,NA,100,689,679,6,10,"Yes","No","No","No",17,12,"No",10,NA,29,28,92,4,22,37,25,12,3.19000005722046,79,18,962,845,757,33.846996307373
"22","19644856013023","M","Hillview Middle","Hillview Middle",1304,"East Whittier City Elem",197,"Los Angeles",18,NA,99,598,594,10,4,"No","No","No","No",30,14,"No",15,NA,30,30,93,11,31,37,15,6,2.72000002861023,97,8,954,803,757,33.846996307373
"23","19644856013031","E","La Colima Eleme","La Colima Elementary",1305,"East Whittier City Elem",197,"Los Angeles",18,NA,100,628,560,12,68,"Yes","Yes","Yes","Yes",53,29,"No",17,18,27,NA,98,13,32,40,12,4,2.60999989509583,79,24,370,310,757,33.846996307373
"24","19644856013049","E","Laurel Elementa","Laurel Elementary",1306,"East Whittier City Elem",197,"Los Angeles",18,NA,100,652,608,10,44,"Yes","Yes","Yes","Yes",50,29,"No",18,19,30,NA,100,16,41,31,10,2,2.40000009536743,74,23,596,504,757,33.846996307373
"25","19644856013072","E","Mulberry Elemen","Mulberry Elementary",1307,"East Whittier City Elem",197,"Los Angeles",18,NA,99,628,565,12,63,"Yes","Yes","Yes","Yes",50,25,"No",13,18,28,NA,99,13,35,36,14,3,2.57999992370605,54,49,485,423,757,33.846996307373
"26","19644856013080","E","Murphy Ranch El","Murphy Ranch Elementary",1308,"East Whittier City Elem",197,"Los Angeles",18,NA,98,832,779,1,53,"Yes","Yes","Yes","Yes",6,4,"No",15,18,27,NA,82,1,4,25,36,35,4,95,0,254,203,757,33.846996307373
"27","19644856013098","E","Ocean View Elem","Ocean View Elementary",1309,"East Whittier City Elem",197,"Los Angeles",18,NA,100,777,739,3,38,"Yes","Yes","Yes","Yes",9,2,"No",16,19,30,NA,95,2,13,36,32,17,3.49000000953674,75,25,465,404,757,33.846996307373
"28","19644856013106","E","Orchard Dale El","Orchard Dale Elementary",1310,"East Whittier City Elem",197,"Los Angeles",18,NA,100,709,645,8,64,"Yes","Yes","Yes","Yes",23,8,"No",14,18,28,NA,98,7,22,41,20,9,3.01999998092651,73,27,481,427,757,33.846996307373
"29","19644856013114","E","Scott Avenue El","Scott Avenue Elementary",1311,"East Whittier City Elem",197,"Los Angeles",18,NA,99,709,716,4,-7,"No","No","No","No",23,13,"No",13,18,30,NA,99,4,20,45,22,9,3.11999988555908,84,13,425,368,757,33.846996307373
"30","19644856089148","E","Leffingwell Ele","Leffingwell Elementary.",1312,"East Whittier City Elem",197,"Los Angeles",18,NA,100,736,710,5,26,"Yes","Yes","Yes","Yes",15,4,"No",17,18,30,NA,93,2,20,44,22,11,3.20000004768372,65,32,312,256,757,33.846996307373
"31","19647586020085","E","Aeolian Element","Aeolian Elementary",2093,"Los Nietos Elementary",406,"Los Angeles",18,NA,99,561,508,15,53,"Yes","Yes","Yes","Yes",87,39,"No",10,17,31,NA,70,28,31,28,8,5,2.32999992370605,64,43,360,314,757,33.846996307373
"32","19647586020101","E","Rancho Santa Ge","Rancho Santa Gertrudes Elementary",2094,"Los Nietos Elementary",406,"Los Angeles",18,NA,100,555,496,15,59,"Yes","Yes","Yes","Yes",78,22,"No",13,17,30,NA,68,23,24,37,10,6,2.50999999046326,76,24,323,296,757,33.846996307373
"33","23656232335487","H","Willits High","Willits High",2649,"Willits Unified",815,"Mendocino",22,NA,93,696,706,5,-10,"No","No","No","No",29,3,"No",9,NA,NA,22,94,7,23,30,29,10,3.10999989509583,97,6,442,350,757,33.846996307373
"34","23656236025282","M","Baechtel Grove ","Baechtel Grove Middle",2650,"Willits Unified",815,"Mendocino",22,NA,97,631,641,8,-10,"No","No","No","No",46,4,"No",15,NA,22,23,91,9,28,34,22,6,2.89000010490417,100,3,508,434,757,33.846996307373
"35","23656236025290","E","Brookside Eleme","Brookside Elementary",2651,"Willits Unified",815,"Mendocino",22,NA,100,564,545,13,19,"Yes","No","No","No",55,8,"No",11,18,NA,NA,80,12,26,35,23,4,2.80999994277954,94,6,166,136,757,33.846996307373
"36","23656236108369","E","Blosser Lane El","Blosser Lane Elementary",2652,"Willits Unified",815,"Mendocino",22,NA,98,602,587,11,15,"Yes","No","No","No",52,4,"No",19,20,27,NA,72,11,29,35,17,8,2.80999994277954,100,0,525,453,757,33.846996307373
"37","24753662430114","H","Delhi High","Delhi High",2714,"Delhi Unified",178,"Merced",23,NA,100,529,469,17,60,"Yes","Yes","Yes","Yes",72,28,"No",99,NA,NA,24,61,49,22,19,10,1,1.92999994754791,94,11,388,359,757,33.846996307373
"38","24753666025407","E","El Capitan Elem","El Capitan Elementary",2715,"Delhi Unified",178,"Merced",23,NA,100,491,423,19,68,"Yes","Yes","Yes","Yes",85,38,"No",15,20,28,NA,93,45,30,21,4,1,1.87000000476837,84,16,266,235,757,33.846996307373
"39","24753666025415","E","Schendel Elemen","Schendel Elementary",2716,"Delhi Unified",178,"Merced",23,NA,98,510,454,17,56,"Yes","Yes","Yes","Yes",81,45,"Yes",14,20,28,NA,90,44,22,25,7,2,2.00999999046326,94,2,671,563,757,33.846996307373
"40","24753666115216","M","Delhi Middle","Delhi Middle",2717,"Delhi Unified",178,"Merced",23,NA,100,547,575,11,-28,"No","No","No","No",75,37,"No",10,NA,NA,NA,97,54,18,23,3,2,1.80999994277954,94,6,343,304,757,33.846996307373
"41","30665066028005","E","Acacia Elementa","Acacia Elementary",2943,"Fullerton Elementary",255,"Orange",29,NA,100,814,762,2,52,"Yes","Yes","Yes","Yes",19,11,"No",10,23,27,NA,95,7,14,22,31,26,3.55999994277954,100,0,466,431,757,33.846996307373
"42","30665066028039","E","Fern Drive Elem","Fern Drive Elementary",2944,"Fullerton Elementary",255,"Orange",29,NA,100,806,785,1,21,"Yes","Yes","Yes","Yes",16,27,"No",13,22,30,NA,96,4,13,27,38,19,3.55999994277954,83,21,516,448,757,33.846996307373
"43","30665066028054","E","Golden Hill Ele","Golden Hill Elementary",2945,"Fullerton Elementary",255,"Orange",29,NA,100,715,682,6,33,"Yes","Yes","Yes","Yes",34,27,"No",15,23,30,NA,93,16,17,25,24,18,3.10999989509583,93,7,489,439,757,33.846996307373
"44","30665066028062","E","Hermosa Drive E","Hermosa Drive Elementary",2946,"Fullerton Elementary",255,"Orange",29,NA,100,785,779,1,6,"Yes","No","No","No",26,8,"No",15,24,26,NA,98,12,11,22,31,25,3.46000003814697,100,0,300,256,757,33.846996307373
"45","30665066028070","M","Ladera Vista Ju","Ladera Vista Junior High",2947,"Fullerton Elementary",255,"Orange",29,NA,100,720,700,5,20,"Yes","Yes","Yes","Yes",33,12,"No",12,NA,NA,27,92,14,19,24,26,18,3.13000011444092,94,6,728,618,757,33.846996307373
"46","30665066028088","E","Laguna Road Ele","Laguna Road Elementary",2948,"Fullerton Elementary",255,"Orange",29,NA,99,905,890,NA,15,"Yes","Yes","Yes","Yes",9,12,"No",20,23,31,NA,93,4,6,10,40,39,4.03999996185303,100,0,512,410,757,33.846996307373
"47","30665066028104","M","Nicolas Junior ","Nicolas Junior High",2949,"Fullerton Elementary",255,"Orange",29,NA,100,617,591,10,26,"Yes","Yes","Yes","Yes",45,27,"No",14,NA,NA,29,85,24,27,25,19,6,2.5699999332428,80,22,972,792,757,33.846996307373
"48","30665066028112","E","Orangethorpe El","Orangethorpe Elementary",2950,"Fullerton Elementary",255,"Orange",29,NA,100,630,599,10,31,"Yes","Yes","Yes","Yes",53,22,"No",20,23,33,NA,92,24,26,25,18,6,2.5699999332428,96,4,619,512,757,33.846996307373
"49","30665066028120","E","Pacific Drive E","Pacific Drive Elementary",2951,"Fullerton Elementary",255,"Orange",29,NA,100,629,615,9,14,"Yes","Yes","Yes","Yes",52,26,"No",18,23,29,NA,95,22,34,25,13,6,2.47000002861023,92,8,562,444,757,33.846996307373
"50","30665066028138","E","Raymond Element","Raymond Elementary",2952,"Fullerton Elementary",255,"Orange",29,NA,100,696,648,8,48,"Yes","Yes","Yes","Yes",52,35,"No",14,24,32,NA,96,27,22,27,15,9,2.57999992370605,100,4,358,314,757,33.846996307373
"51","30665066028146","E","Richman Element","Richman Elementary",2953,"Fullerton Elementary",255,"Orange",29,NA,100,476,454,17,22,"Yes","Yes","Yes","Yes",89,70,"No",17,23,31,NA,99,63,19,12,5,1,1.62999999523163,83,12,626,540,757,33.846996307373
"52","30665066028153","E","Rolling Hills E","Rolling Hills Elementary",2954,"Fullerton Elementary",255,"Orange",29,NA,100,757,750,3,7,"Yes","No","No","No",18,12,"No",25,22,31,NA,86,4,11,23,31,30,3.73000001907349,96,9,396,307,757,33.846996307373
"53","30665066028161","E","Sunset Lane Ele","Sunset Lane Elementary",2955,"Fullerton Elementary",255,"Orange",29,NA,100,825,802,NA,23,"Yes","Yes","Yes","Yes",10,26,"No",21,23,31,NA,95,2,8,19,46,25,3.8199999332428,83,17,571,454,757,33.846996307373
"54","30665066028179","E","Valencia Park E","Valencia Park Elementary",2956,"Fullerton Elementary",255,"Orange",29,NA,100,595,534,13,61,"Yes","Yes","Yes","Yes",69,42,"No",13,24,31,NA,97,33,37,20,9,1,2.07999992370605,98,0,715,619,757,33.846996307373
"55","30665066028195","E","Woodcrest Eleme","Woodcrest Elementary",2957,"Fullerton Elementary",255,"Orange",29,NA,100,552,553,12,-1,"No","No","No","No",66,46,"No",21,24,29,NA,98,36,27,23,11,4,2.21000003814697,84,16,345,263,757,33.846996307373
"56","30665066085286","M","Parks (D. Russe","Parks (D. Russell) Junior High",2958,"Fullerton Elementary",255,"Orange",29,NA,99,847,827,NA,20,"Yes","Yes","Yes","Yes",10,5,"No",9,NA,NA,28,96,4,10,16,47,23,3.75,94,0,850,726,757,33.846996307373
"57","32669693232006","H","Chester Junior-","Chester Junior-Senior High",3334,"Plumas Unified",568,"Plumas",31,NA,99,714,696,5,18,"Yes","Yes","Yes","Yes",21,0,"No",10,NA,NA,20,89,2,17,33,39,8,3.33999991416931,81,19,258,222,757,33.846996307373
"58","32669693233509","H","Greenville Juni","Greenville Junior-Senior High",3335,"Plumas Unified",568,"Plumas",31,NA,100,724,715,4,9,"Yes","No","No","No",33,1,"No",19,NA,NA,17,84,9,23,41,23,5,2.9300000667572,82,0,170,134,757,33.846996307373
"59","32669693235603","H","Portola High","Portola High",3336,"Plumas Unified",568,"Plumas",31,NA,99,687,687,6,0,"No","No","No","No",21,2,"No",10,NA,NA,21,89,7,15,36,34,8,3.20000004768372,88,0,210,184,757,33.846996307373
"60","32669693236007","H","Quincy Junior-S","Quincy Junior-Senior High",3337,"Plumas Unified",568,"Plumas",31,NA,97,723,693,5,30,"Yes","Yes","Yes","Yes",25,1,"No",5,NA,NA,25,87,3,16,39,32,11,3.3199999332428,96,4,467,419,757,33.846996307373
"61","32669696031421","E","Greenville Elem","Greenville Elementary",3338,"Plumas Unified",568,"Plumas",31,NA,100,662,601,10,61,"Yes","Yes","Yes","Yes",68,0,"No",9,21,26,NA,77,13,27,40,11,9,2.75,100,0,117,106,757,33.846996307373
"62","32669696031454","E","Pioneer Element","Pioneer Elementary",3339,"Plumas Unified",568,"Plumas",31,NA,100,699,730,4,-31,"No","No","No","No",35,1,"No",12,18,28,NA,86,4,49,29,15,3,2.65000009536743,100,0,196,177,757,33.846996307373
"63","32669696031470","E","Quincy Elementa","Quincy Elementary",3340,"Plumas Unified",568,"Plumas",31,NA,99,807,805,NA,2,"Yes","No","No","No",41,0,"No",17,16,28,NA,96,8,23,33,26,9,3.04999995231628,100,0,205,175,757,33.846996307373
"64","32669696109896","M","Feather River M","Feather River Middle",3341,"Plumas Unified",568,"Plumas",31,NA,100,679,662,7,17,"Yes","No","No","No",35,0,"No",14,NA,24,29,92,6,24,30,33,7,3.11999988555908,100,0,233,187,757,33.846996307373
"65","32669696110308","E","Carmichael (C.R","Carmichael (C.Roy) Elementary",3342,"Plumas Unified",568,"Plumas",31,NA,100,691,664,7,27,"Yes","Yes","Yes","Yes",41,6,"No",14,19,28,NA,68,8,40,24,23,4,2.75,100,0,324,273,757,33.846996307373
"66","37680236037824","E","Castle Park Ele","Castle Park Elementary",4291,"Chula Vista Elementary",135,"San Diego",36,NA,99,622,609,10,13,"Yes","Yes","Yes","Yes",65,32,"No",14,20,29,NA,0,0,0,100,0,0,3,93,7,370,315,757,33.846996307373
"67","37680236037832","E","Allen (Ella B.)","Allen (Ella B.)/Daly (Ann) Elementary",4292,"Chula Vista Elementary",135,"San Diego",36,NA,99,754,748,3,6,"Yes","No","No","No",25,25,"No",18,20,27,NA,5,13,40,33,0,13,2.59999990463257,100,4,309,269,757,33.846996307373
"68","37680236037840","E","Rohr (Fred H.) ","Rohr (Fred H.) Elementary",4293,"Chula Vista Elementary",135,"San Diego",36,NA,100,655,632,8,23,"Yes","Yes","Yes","Yes",65,44,"No",21,20,29,NA,0,0,0,0,0,0,NA,100,0,414,357,757,33.846996307373
"69","37680236037857","E","Rogers (Greg) E","Rogers (Greg) Elementary",4294,"Chula Vista Elementary",135,"San Diego",36,NA,100,764,664,7,100,"Yes","Yes","Yes","Yes",29,13,"No",23,20,29,NA,0,0,0,0,0,0,NA,92,18,303,215,757,33.846996307373
"70","37680236037865","E","Halecrest Eleme","Halecrest Elementary",4295,"Chula Vista Elementary",135,"San Diego",36,NA,100,795,758,2,37,"Yes","Yes","Yes","Yes",26,14,"No",23,19,28,NA,0,0,0,0,0,0,NA,97,3,407,353,757,33.846996307373
"71","37680236037873","E","Harborside Elem","Harborside Elementary",4296,"Chula Vista Elementary",135,"San Diego",36,NA,100,505,452,17,53,"Yes","Yes","Yes","Yes",75,59,"No",27,19,30,NA,0,0,0,0,0,0,NA,94,6,504,412,757,33.846996307373
"72","37680236037881","E","Cook (Hazel Goe","Cook (Hazel Goes) Elementary",4297,"Chula Vista Elementary",135,"San Diego",36,NA,99,638,632,8,6,"No","No","No","No",49,16,"No",18,19,30,NA,0,0,0,0,0,0,NA,100,0,371,310,757,33.846996307373
"73","37680236037899","E","Hilltop Drive E","Hilltop Drive Elementary",4298,"Chula Vista Elementary",135,"San Diego",36,NA,98,733,688,6,45,"Yes","Yes","Yes","Yes",36,18,"No",12,20,28,NA,0,0,0,0,0,0,NA,97,3,374,338,757,33.846996307373
"74","37680236037907","E","Lauderbach (J. ","Lauderbach (J. Calvin) Elementary",4299,"Chula Vista Elementary",135,"San Diego",36,NA,99,523,441,18,82,"Yes","Yes","Yes","Yes",74,52,"Yes",23,19,28,NA,0,0,0,0,100,0,4,87,13,631,519,757,33.846996307373
"75","37680236037915","E","Montgomery (Joh","Montgomery (John J.) Elementary",4300,"Chula Vista Elementary",135,"San Diego",36,NA,98,511,480,16,31,"Yes","Yes","Yes","Yes",79,61,"No",38,20,29,NA,0,0,0,0,0,0,NA,86,14,432,363,757,33.846996307373
"76","37680236037923","E","Kellogg (Karl H","Kellogg (Karl H.) Elementary",4301,"Chula Vista Elementary",135,"San Diego",36,NA,100,710,692,5,18,"Yes","No","No","No",36,18,"No",16,19,30,NA,0,100,0,0,0,0,1,96,4,299,277,757,33.846996307373
"77","37680236037931","E","Rice (Lilian J.","Rice (Lilian J.) Elementary",4302,"Chula Vista Elementary",135,"San Diego",36,NA,99,657,579,11,78,"Yes","Yes","Yes","Yes",67,36,"No",17,19,30,NA,2,22,44,33,0,0,2.10999989509583,100,0,500,431,757,33.846996307373
"78","37680236037949","E","Loma Verde Elem","Loma Verde Elementary",4303,"Chula Vista Elementary",135,"San Diego",36,NA,99,602,586,11,16,"Yes","No","No","No",68,37,"No",19,19,29,NA,0,0,0,0,0,0,NA,100,3,499,420,757,33.846996307373
"79","37680236037956","E","Feaster-Edison ","Feaster-Edison Charter",4304,"Chula Vista Elementary",135,"San Diego",36,NA,98,490,431,18,59,"Yes","Yes","Yes","Yes",71,54,"No",25,23,30,NA,0,0,0,0,0,0,NA,65,43,748,592,757,33.846996307373
"80","37680236037964","E","Finney (Myrtle ","Finney (Myrtle S.) Elementary",4305,"Chula Vista Elementary",135,"San Diego",36,NA,100,664,669,7,-5,"No","No","No","No",54,32,"No",13,20,30,NA,0,0,0,0,0,0,NA,100,0,356,313,757,33.846996307373
"81","37680236037972","E","Palomar Element","Palomar Elementary",4306,"Chula Vista Elementary",135,"San Diego",36,NA,99,651,621,9,30,"Yes","Yes","Yes","Yes",51,26,"No",14,20,29,NA,0,0,0,0,0,0,NA,95,9,302,265,757,33.846996307373
"82","37680236037980","E","Mueller (Robert","Mueller (Robert L.) Elementary (Char)",4307,"Chula Vista Elementary",135,"San Diego",36,NA,97,603,520,14,83,"Yes","Yes","Yes","Yes",71,54,"No",19,19,30,NA,1,50,25,25,0,0,1.75,88,15,594,480,757,33.846996307373
"83","37680236037998","E","Rosebank Elemen","Rosebank Elementary",4308,"Chula Vista Elementary",135,"San Diego",36,NA,100,698,680,6,18,"Yes","Yes","Yes","Yes",44,18,"No",21,19,29,NA,0,100,0,0,0,0,1,100,0,527,432,757,33.846996307373
"84","37680236038004","E","Silver Wing Ele","Silver Wing Elementary",4309,"Chula Vista Elementary",135,"San Diego",36,NA,100,511,493,15,18,"Yes","Yes","Yes","Yes",67,46,"No",18,18,31,NA,0,0,0,100,0,0,3,90,10,446,374,757,33.846996307373
"85","37680236038012","E","Sunnyside Eleme","Sunnyside Elementary",4310,"Chula Vista Elementary",135,"San Diego",36,NA,99,814,801,NA,13,"Yes","Yes","Yes","Yes",12,8,"No",16,18,29,NA,0,0,0,0,0,0,NA,100,0,436,379,757,33.846996307373
"86","37680236038020","E","Valle Lindo Ele","Valle Lindo Elementary",4311,"Chula Vista Elementary",135,"San Diego",36,NA,100,669,658,7,11,"Yes","No","No","No",47,23,"No",19,18,29,NA,0,0,0,0,0,0,NA,96,0,381,322,757,33.846996307373
"87","37680236038038","E","Valley Vista El","Valley Vista Elementary",4312,"Chula Vista Elementary",135,"San Diego",36,NA,100,711,745,3,-34,"No","No","No","No",30,25,"No",14,19,29,NA,0,0,0,0,0,0,NA,94,9,464,407,757,33.846996307373
"88","37680236038046","E","Vista Square El","Vista Square Elementary YR",4313,"Chula Vista Elementary",135,"San Diego",36,NA,99,538,502,15,36,"Yes","Yes","Yes","Yes",79,48,"No",24,20,31,NA,0,0,0,0,0,0,NA,87,13,462,379,757,33.846996307373
"89","37680236066971","E","Parkview Elemen","Parkview Elementary",4314,"Chula Vista Elementary",135,"San Diego",36,NA,99,705,655,7,50,"Yes","Yes","Yes","Yes",46,42,"No",32,17,27,NA,0,0,0,0,100,0,4,96,0,320,231,757,33.846996307373
"90","37680236069090","E","Juarez-Lincoln ","Juarez-Lincoln Elementary YR",4315,"Chula Vista Elementary",135,"San Diego",36,NA,99,595,555,12,40,"Yes","Yes","Yes","Yes",60,34,"No",21,19,31,NA,0,0,0,0,0,0,NA,81,19,437,360,757,33.846996307373
"91","37680236070825","E","Los Altos Eleme","Los Altos Elementary",4316,"Chula Vista Elementary",135,"San Diego",36,NA,97,551,484,16,67,"Yes","Yes","Yes","Yes",70,50,"No",15,18,29,NA,0,0,0,0,0,0,NA,85,15,295,253,757,33.846996307373
"92","37680236095020","E","Tiffany (Burton","Tiffany (Burton C.) Elementary",4317,"Chula Vista Elementary",135,"San Diego",36,NA,100,762,744,3,18,"Yes","Yes","Yes","Yes",18,16,"No",15,20,30,NA,0,0,100,0,0,0,2,100,0,512,457,757,33.846996307373
"93","37680236095038","E","Otay Elementary","Otay Elementary",4318,"Chula Vista Elementary",135,"San Diego",36,NA,99,521,473,16,48,"Yes","Yes","Yes","Yes",74,63,"No",15,19,31,NA,0,0,0,0,0,0,NA,94,3,343,310,757,33.846996307373
"94","37680236107775","E","Chula Vista Hil","Chula Vista Hills Elementary",4319,"Chula Vista Elementary",135,"San Diego",36,NA,100,709,701,5,8,"Yes","Yes","Yes","Yes",18,16,"No",20,17,27,NA,0,0,0,0,0,0,NA,96,7,404,349,757,33.846996307373
"95","37680236108492","E","Eastlake Elemen","Eastlake Elementary",4320,"Chula Vista Elementary",135,"San Diego",36,NA,99,780,747,3,33,"Yes","Yes","Yes","Yes",15,25,"No",21,19,30,NA,1,0,60,0,40,0,2.79999995231628,97,6,504,428,757,33.846996307373
"96","37680236109771","E","Clear View Elem","Clear View Elementary (Char)",4321,"Chula Vista Elementary",135,"San Diego",36,NA,99,780,769,2,11,"Yes","Yes","Yes","Yes",18,23,"No",17,19,29,NA,0,0,0,0,0,0,NA,100,7,411,357,757,33.846996307373
"97","37680236111322","E","Discovery Eleme","Discovery Elementary (Char)",4322,"Chula Vista Elementary",135,"San Diego",36,NA,100,722,684,6,38,"Yes","No","No","No",11,21,"No",20,20,28,NA,0,0,0,0,0,0,NA,95,5,637,523,757,33.846996307373
"98","37680236113021","E","Olympicview Ele","Olympicview Elementary",4323,"Chula Vista Elementary",135,"San Diego",36,NA,100,828,806,NA,22,"Yes","Yes","Yes","Yes",5,13,"No",11,19,29,NA,0,0,0,0,0,0,NA,100,3,555,497,757,33.846996307373
"99","37680236115646","E","Casillas (Josep","Casillas (Joseph) Elementary",4324,"Chula Vista Elementary",135,"San Diego",36,NA,100,737,698,5,39,"Yes","Yes","Yes","Yes",16,21,"No",49,18,29,NA,0,0,100,0,0,0,2,95,11,491,331,757,33.846996307373
"100","37735693735206","H","Oceanside High","Oceanside High",4658,"Oceanside Unified",510,"San Diego",36,NA,99,595,593,10,2,"No","No","No","No",48,11,"No",15,NA,NA,29,96,31,19,29,17,4,2.4300000667572,100,0,1585,1342,757,33.846996307373
"101","37735693739018","H","El Camino High","El Camino High",4659,"Oceanside Unified",510,"San Diego",36,NA,98,661,648,8,13,"Yes","No","No","No",32,7,"No",12,NA,NA,31,92,13,17,29,32,9,3.08999991416931,94,6,1855,1565,757,33.846996307373
"102","37735696038822","E","Ditmar Elementa","Ditmar Elementary",4660,"Oceanside Unified",510,"San Diego",36,NA,99,502,413,19,89,"Yes","Yes","Yes","Yes",90,72,"No",16,21,23,NA,91,66,18,9,5,1,1.58000004291534,94,6,385,316,757,33.846996307373
"103","37735696038830","M","Jefferson Middl","Jefferson Middle",4661,"Oceanside Unified",510,"San Diego",36,NA,100,614,607,10,7,"No","No","No","No",55,19,"No",42,NA,30,31,84,16,22,34,23,4,2.76999998092651,96,4,1015,784,757,33.846996307373
"104","37735696038848","E","Laurel Elementa","Laurel Elementary",4662,"Oceanside Unified",510,"San Diego",36,NA,100,585,465,17,120,"Yes","Yes","Yes","Yes",83,64,"No",19,23,32,NA,82,54,24,16,6,1,1.75999999046326,94,6,483,407,757,33.846996307373
"105","37735696038855","E","Libby Elementar","Libby Elementary",4663,"Oceanside Unified",510,"San Diego",36,NA,100,582,512,14,70,"Yes","Yes","Yes","Yes",75,39,"No",29,23,32,NA,62,44,20,24,10,1,2.03999996185303,83,14,576,417,757,33.846996307373
"106","37735696038863","M","Lincoln Middle","Lincoln Middle",4664,"Oceanside Unified",510,"San Diego",36,NA,99,642,618,9,24,"Yes","Yes","Yes","Yes",44,21,"No",31,NA,32,31,91,24,19,27,21,8,2.71000003814697,95,5,1405,1167,757,33.846996307373
"107","37735696038871","E","Mission Element","Mission Elementary",4665,"Oceanside Unified",510,"San Diego",36,NA,100,536,515,14,21,"Yes","No","No","No",86,59,"No",28,24,32,NA,69,51,31,11,6,1,1.73000001907349,91,6,549,447,757,33.846996307373
"108","37735696038889","E","North Terrace E","North Terrace Elementary",4666,"Oceanside Unified",510,"San Diego",36,NA,99,746,669,7,77,"Yes","Yes","Yes","Yes",53,8,"No",27,19,31,NA,85,5,41,33,18,3,2.71000003814697,100,0,352,262,757,33.846996307373
"109","37735696038897","E","Palmquist Eleme","Palmquist Elementary",4667,"Oceanside Unified",510,"San Diego",36,NA,99,667,648,8,19,"Yes","No","No","No",44,29,"No",18,24,32,NA,78,17,20,27,24,12,2.9300000667572,97,3,564,491,757,33.846996307373
"110","37735696038905","E","San Luis Rey El","San Luis Rey Elementary",4668,"Oceanside Unified",510,"San Diego",36,NA,100,629,631,8,-2,"No","No","No","No",49,26,"No",16,24,33,NA,95,28,29,31,9,2,2.26999998092651,95,5,540,476,757,33.846996307373
"111","37735696038913","E","Santa Margarita","Santa Margarita Elementary",4669,"Oceanside Unified",510,"San Diego",36,NA,100,745,637,8,108,"Yes","Yes","Yes","Yes",52,1,"No",26,22,26,NA,98,1,73,18,7,1,2.34999990463257,100,0,290,229,757,33.846996307373
"112","37735696038921","E","South Oceanside","South Oceanside Elementary",4670,"Oceanside Unified",510,"San Diego",36,NA,100,674,657,7,17,"Yes","Yes","Yes","Yes",48,20,"No",15,22,32,NA,71,9,29,31,26,5,2.89000010490417,97,0,523,462,757,33.846996307373
"113","37735696067011","E","San Rafael Elem","San Rafael Elementary",4671,"Oceanside Unified",510,"San Diego",36,NA,98,637,566,12,71,"Yes","Yes","Yes","Yes",58,44,"No",15,23,27,NA,99,51,34,9,5,1,1.72000002861023,93,3,379,314,757,33.846996307373
"114","37735696069108","E","E.G. Garrison E","E.G. Garrison Elementary",4672,"Oceanside Unified",510,"San Diego",36,NA,99,696,662,7,34,"Yes","Yes","Yes","Yes",71,44,"No",29,24,35,NA,96,35,32,22,9,2,2.10999989509583,100,0,391,292,757,33.846996307373
"115","37735696070916","E","Pacifica Elemen","Pacifica Elementary",4673,"Oceanside Unified",510,"San Diego",36,NA,99,632,553,12,79,"Yes","Yes","Yes","Yes",67,32,"No",27,23,30,NA,100,36,44,17,3,1,1.88999998569489,97,0,403,289,757,33.846996307373
"116","37735696088991","E","Del Rio Element","Del Rio Elementary",4674,"Oceanside Unified",510,"San Diego",36,NA,100,639,593,10,46,"Yes","Yes","Yes","Yes",58,37,"No",19,24,26,NA,88,23,31,28,15,3,2.44000005722046,100,0,613,538,757,33.846996307373
"117","37735696108211","E","McAuliffe (Chri","McAuliffe (Christa) Elementary",4675,"Oceanside Unified",510,"San Diego",36,NA,100,745,710,5,35,"Yes","Yes","Yes","Yes",42,16,"No",21,23,32,NA,85,10,17,35,27,11,3.13000011444092,98,2,596,472,757,33.846996307373
"118","37735696109995","E","Ivey Ranch Elem","Ivey Ranch Elementary",4676,"Oceanside Unified",510,"San Diego",36,NA,100,789,759,2,30,"Yes","No","No","No",26,8,"No",28,21,30,NA,78,6,28,31,27,8,3.03999996185303,98,0,520,385,757,33.846996307373
"119","37735696111777","M","King (Martin Lu","King (Martin Luther Jr.) Middle",4677,"Oceanside Unified",510,"San Diego",36,NA,99,656,615,9,41,"Yes","Yes","Yes","Yes",45,14,"No",27,NA,31,32,83,12,19,32,28,9,3.03999996185303,98,2,1573,1350,757,33.846996307373
"120","37735696115299","E","Stuart Mesa Ele","Stuart Mesa Elementary",4678,"Oceanside Unified",510,"San Diego",36,NA,99,789,712,4,77,"Yes","Yes","Yes","Yes",51,1,"No",26,23,29,NA,98,2,40,41,14,3,2.76999998092651,97,3,371,287,757,33.846996307373
"121","39686763932100","H","Edison Senior H","Edison Senior High",4856,"Stockton City Unified",716,"San Joaquin",38,NA,95,517,495,15,22,"Yes","No","No","No",40,23,"No",17,NA,NA,30,66,31,25,21,20,2,2.36999988555908,89,10,1908,1516,757,33.846996307373
"122","39686763932654","H","Franklin Senior","Franklin Senior High",4857,"Stockton City Unified",716,"San Joaquin",38,NA,89,478,443,18,35,"Yes","Yes","Yes","No",42,25,"No",11,NA,NA,31,73,36,25,20,17,2,2.23000001907349,87,11,2181,1743,757,33.846996307373
"123","39686763937406","H","Stagg Senior Hi","Stagg Senior High",4858,"Stockton City Unified",716,"San Joaquin",38,NA,97,582,551,12,31,"Yes","No","No","No",36,14,"No",10,NA,NA,30,94,34,19,26,17,3,2.35999989509583,89,10,2106,1701,757,33.846996307373
"124","39686766042501","E","Adams Elementar","Adams Elementary",4859,"Stockton City Unified",716,"San Joaquin",38,NA,99,592,556,12,36,"Yes","Yes","Yes","Yes",80,33,"No",22,18,27,NA,60,22,31,29,16,2,2.45000004768372,92,8,532,456,757,33.846996307373
"125","39686766042519","E","August Elementa","August Elementary",4860,"Stockton City Unified",716,"San Joaquin",38,NA,96,587,518,14,69,"Yes","Yes","Yes","Yes",90,34,"No",20,21,31,NA,98,81,16,2,0,0,1.21000003814697,88,6,381,321,757,33.846996307373
"126","39686766042535","E","Cleveland Eleme","Cleveland Elementary",4861,"Stockton City Unified",716,"San Joaquin",38,NA,97,553,490,16,63,"Yes","Yes","Yes","Yes",100,55,"Yes",23,19,24,NA,96,62,21,14,3,0,1.60000002384186,85,6,624,547,757,33.846996307373
"127","39686766042543","E","El Dorado Eleme","El Dorado Elementary",4862,"Stockton City Unified",716,"San Joaquin",38,NA,100,516,433,18,83,"Yes","Yes","Yes","Yes",100,35,"Yes",33,18,25,NA,41,32,26,25,13,4,2.30999994277954,72,21,704,600,757,33.846996307373
"128","39686766042550","E","Elmwood Element","Elmwood Elementary",4863,"Stockton City Unified",716,"San Joaquin",38,NA,99,535,509,15,26,"Yes","No","No","No",78,31,"No",14,19,32,NA,5,67,20,10,3,0,1.5,93,2,602,544,757,33.846996307373
"129","39686766042568","E","King Elementary","King Elementary",4864,"Stockton City Unified",716,"San Joaquin",38,NA,98,566,541,13,25,"Yes","Yes","Yes","Yes",100,49,"No",17,20,23,NA,93,46,25,23,4,2,1.9099999666214,84,10,686,651,757,33.846996307373
"130","39686766042576","E","Fillmore Elemen","Fillmore Elementary",4865,"Stockton City Unified",716,"San Joaquin",38,NA,99,481,469,17,12,"No","No","No","No",91,30,"No",22,20,30,NA,47,29,32,17,20,2,2.33999991416931,86,12,607,540,757,33.846996307373
"131","39686766042584","E","Garfield Elemen","Garfield Elementary",4866,"Stockton City Unified",716,"San Joaquin",38,NA,99,472,386,21,86,"Yes","Yes","Yes","Yes",100,39,"No",19,21,21,NA,0,0,0,0,0,0,NA,72,22,209,189,757,33.846996307373
"132","39686766042600","E","Grunsky Element","Grunsky Elementary",4867,"Stockton City Unified",716,"San Joaquin",38,NA,100,559,512,14,47,"Yes","No","No","No",100,37,"Yes",22,19,30,NA,38,21,36,31,9,3,2.34999990463257,74,26,643,582,757,33.846996307373
"133","39686766042618","E","Harrison (Willi","Harrison (William) Elementary",4868,"Stockton City Unified",716,"San Joaquin",38,NA,100,610,520,14,90,"Yes","Yes","Yes","Yes",84,34,"No",27,20,27,NA,30,27,39,15,18,1,2.26999998092651,82,12,331,285,757,33.846996307373
"134","39686766042626","E","Hazelton Elemen","Hazelton Elementary",4869,"Stockton City Unified",716,"San Joaquin",38,NA,98,599,549,13,50,"Yes","Yes","Yes","Yes",80,36,"No",26,19,29,NA,16,46,20,19,15,1,2.05999994277954,87,7,641,584,757,33.846996307373
"135","39686766042634","E","Hoover Elementa","Hoover Elementary",4870,"Stockton City Unified",716,"San Joaquin",38,NA,99,551,531,13,20,"Yes","No","No","No",68,26,"No",24,20,31,NA,46,47,25,21,7,1,1.89999997615814,74,15,479,409,757,33.846996307373
"136","39686766042667","E","Kennedy Element","Kennedy Elementary",4871,"Stockton City Unified",716,"San Joaquin",38,NA,98,554,513,14,41,"Yes","Yes","Yes","Yes",84,24,"No",23,19,26,NA,61,75,9,10,5,1,1.47000002861023,83,12,535,449,757,33.846996307373
"137","39686766042683","E","Madison Element","Madison Elementary",4872,"Stockton City Unified",716,"San Joaquin",38,NA,96,561,550,13,11,"No","No","No","No",71,30,"No",23,19,32,NA,58,13,32,32,19,4,2.70000004768372,88,5,561,491,757,33.846996307373
"138","39686766042691","E","McKinley Elemen","McKinley Elementary",4873,"Stockton City Unified",716,"San Joaquin",38,NA,99,505,505,15,0,"No","No","No","No",89,43,"No",30,19,33,NA,6,13,40,13,35,0,2.70000004768372,73,27,695,640,757,33.846996307373
"139","39686766042709","E","Monroe Elementa","Monroe Elementary",4874,"Stockton City Unified",716,"San Joaquin",38,NA,100,492,494,15,-2,"No","No","No","No",99,42,"No",17,19,29,NA,18,14,32,22,28,4,2.75999999046326,52,30,426,409,757,33.846996307373
"140","39686766042717","E","Montezuma Eleme","Montezuma Elementary",4875,"Stockton City Unified",716,"San Joaquin",38,NA,99,504,451,17,53,"Yes","Yes","Yes","Yes",90,46,"Yes",19,20,26,NA,5,33,17,20,20,10,2.5699999332428,83,17,657,587,757,33.846996307373
"141","39686766042725","E","Nightingale Ele","Nightingale Elementary",4876,"Stockton City Unified",716,"San Joaquin",38,NA,98,487,443,18,44,"Yes","Yes","Yes","Yes",86,26,"No",26,18,21,NA,1,50,0,0,50,0,2.5,80,8,300,246,757,33.846996307373
"142","39686766042741","E","Pulliam Element","Pulliam Elementary",4877,"Stockton City Unified",716,"San Joaquin",38,NA,98,627,582,11,45,"Yes","Yes","Yes","Yes",86,35,"Yes",16,20,25,NA,26,41,26,22,8,2,2.02999997138977,80,9,612,551,757,33.846996307373
"143","39686766042758","E","Roosevelt Eleme","Roosevelt Elementary",4878,"Stockton City Unified",716,"San Joaquin",38,NA,100,465,440,18,25,"Yes","Yes","Yes","Yes",90,27,"No",21,21,26,NA,11,13,25,40,17,4,2.73000001907349,74,15,466,417,757,33.846996307373
"144","39686766042766","E","Taft (William H","Taft (William Howard) Elementary",4879,"Stockton City Unified",716,"San Joaquin",38,NA,100,529,482,16,47,"Yes","Yes","Yes","Yes",83,28,"No",16,18,23,NA,68,31,23,29,14,4,2.36999988555908,80,13,352,315,757,33.846996307373
"145","39686766042782","E","Tyler Skills El","Tyler Skills Elementary",4880,"Stockton City Unified",716,"San Joaquin",38,NA,99,625,578,11,47,"Yes","Yes","Yes","Yes",59,8,"Yes",19,19,28,NA,74,18,44,25,13,1,2.35999989509583,93,5,559,469,757,33.846996307373
"146","39686766042790","E","Van Buren Eleme","Van Buren Elementary",4881,"Stockton City Unified",716,"San Joaquin",38,NA,99,436,415,19,21,"Yes","No","No","No",100,49,"No",19,19,24,NA,11,40,20,13,28,0,2.27999997138977,80,17,363,328,757,33.846996307373
"147","39686766042808","E","Victory Element","Victory Elementary",4882,"Stockton City Unified",716,"San Joaquin",38,NA,99,542,525,14,17,"Yes","Yes","Yes","Yes",76,20,"No",26,20,33,NA,99,41,42,13,5,0,1.82000005245209,92,8,558,490,757,33.846996307373
"148","39686766042824","E","Wilson (Woodrow","Wilson (Woodrow) Elementary",4883,"Stockton City Unified",716,"San Joaquin",38,NA,99,515,526,14,-11,"No","No","No","No",80,26,"No",31,19,25,NA,37,5,27,61,7,0,2.70000004768372,90,5,257,217,757,33.846996307373
"149","39686766059927","M","Fremont Middle","Fremont Middle",4884,"Stockton City Unified",716,"San Joaquin",38,NA,97,461,427,19,34,"Yes","Yes","Yes","Yes",65,25,"No",13,NA,NA,28,53,31,26,28,12,3,2.3199999332428,86,5,1243,1137,757,33.846996307373
"150","39686766059935","M","Marshall Middle","Marshall Middle",4885,"Stockton City Unified",716,"San Joaquin",38,NA,93,528,499,15,29,"Yes","Yes","Yes","No",58,27,"No",10,NA,NA,29,55,22,25,26,24,2,2.57999992370605,86,13,1260,1092,757,33.846996307373
"151","39686766062087","M","Webster Middle","Webster Middle",4886,"Stockton City Unified",716,"San Joaquin",38,NA,100,512,479,16,33,"Yes","Yes","Yes","Yes",58,23,"No",14,NA,NA,30,75,22,24,30,22,2,2.57999992370605,77,20,1306,1151,757,33.846996307373
"152","39686766065874","M","Hamilton Middle","Hamilton Middle",4887,"Stockton City Unified",716,"San Joaquin",38,NA,96,508,479,16,29,"Yes","Yes","Yes","Yes",53,27,"No",11,NA,NA,29,64,33,24,19,20,5,2.40000009536743,85,8,1344,1204,757,33.846996307373
"153","39686766097794","E","Valenzuela (Ric","Valenzuela (Richard) Spanish Immersion M",4888,"Stockton City Unified",716,"San Joaquin",38,NA,100,670,650,8,20,"Yes","Yes","Yes","Yes",46,3,"No",5,17,27,NA,61,3,19,44,18,15,3.24000000953674,82,18,119,119,757,33.846996307373
"154","39686766098651","E","Stockton (Commo","Stockton (Commodore) Skills",4889,"Stockton City Unified",716,"San Joaquin",38,NA,99,760,736,3,24,"Yes","Yes","Yes","Yes",29,6,"No",5,20,30,28,53,6,31,29,31,4,2.97000002861023,94,4,818,795,757,33.846996307373
"155","39686766098677","E","Kohl (Herbert) ","Kohl (Herbert) Open Elementary",4890,"Stockton City Unified",716,"San Joaquin",38,NA,100,652,613,9,39,"Yes","Yes","Yes","Yes",37,9,"No",3,21,27,NA,69,2,20,36,42,0,3.17000007629395,100,0,118,118,757,33.846996307373
"156","39686766104665","E","Washington (Geo","Washington (George) Elementary",4891,"Stockton City Unified",716,"San Joaquin",38,NA,100,546,452,17,94,"Yes","Yes","Yes","Yes",100,39,"No",16,16,19,NA,0,0,0,0,0,0,NA,71,21,145,139,757,33.846996307373
"157","39686766115422","E","Rio Calaveras E","Rio Calaveras Elementary",4892,"Stockton City Unified",716,"San Joaquin",38,NA,99,717,659,7,58,"Yes","Yes","Yes","Yes",58,21,"Yes",20,21,26,NA,7,15,18,18,48,0,3,70,19,486,420,757,33.846996307373
"158","43693776046361","E","Laneview Elemen","Laneview Elementary",5172,"Berryessa Union Elem",61,"Santa Clara",42,NA,98,701,691,5,10,"Yes","Yes","Yes","Yes",35,35,"No",6,20,32,NA,0,0,0,0,0,0,NA,90,6,371,345,757,33.846996307373
"159","43693776046379","E","Noble Elementar","Noble Elementary",5173,"Berryessa Union Elem",61,"Santa Clara",42,NA,100,748,718,4,30,"Yes","Yes","Yes","Yes",18,24,"No",4,20,30,NA,5,10,55,0,15,20,2.79999995231628,93,4,377,378,757,33.846996307373
"160","43693776046387","E","Northwood Eleme","Northwood Elementary",5174,"Berryessa Union Elem",61,"Santa Clara",42,NA,100,735,695,5,40,"Yes","No","No","No",36,20,"No",12,20,30,NA,0,0,0,0,0,0,NA,81,14,265,223,757,33.846996307373
"161","43693776046395","M","Piedmont Middle","Piedmont Middle",5175,"Berryessa Union Elem",61,"Santa Clara",42,NA,100,699,701,5,-2,"No","No","No","No",18,25,"No",9,NA,30,29,1,20,0,40,40,0,3,93,5,930,809,757,33.846996307373
"162","43693776046403","E","Toyon Elementar","Toyon Elementary",5176,"Berryessa Union Elem",61,"Santa Clara",42,NA,100,685,668,7,17,"Yes","Yes","Yes","Yes",25,18,"No",11,19,28,NA,7,4,13,38,42,4,3.28999996185303,85,12,336,313,757,33.846996307373
"163","43693776067177","E","Ruskin Elementa","Ruskin Elementary",5177,"Berryessa Union Elem",61,"Santa Clara",42,NA,100,827,812,NA,15,"Yes","Yes","Yes","Yes",13,25,"No",2,19,30,NA,1,0,25,25,25,25,3.5,81,16,448,442,757,33.846996307373
"164","43693776068928","M","Morrill Middle","Morrill Middle",5178,"Berryessa Union Elem",61,"Santa Clara",42,NA,99,711,669,7,42,"Yes","Yes","Yes","Yes",22,29,"No",10,NA,27,28,0,100,0,0,0,0,1,88,13,1023,872,757,33.846996307373
"165","43693776089288","E","Cherrywood Elem","Cherrywood Elementary",5179,"Berryessa Union Elem",61,"Santa Clara",42,NA,100,677,639,8,38,"Yes","Yes","Yes","Yes",26,34,"No",0,19,31,NA,2,11,33,22,33,0,2.77999997138977,88,12,387,384,757,33.846996307373
"166","43693776093033","M","Sierramont Midd","Sierramont Middle",5180,"Berryessa Union Elem",61,"Santa Clara",42,NA,100,759,764,2,-5,"No","No","No","No",17,17,"No",10,NA,29,29,0,50,0,0,50,0,2.5,77,16,940,794,757,33.846996307373
"167","43693776093041","E","Vinci Park Elem","Vinci Park Elementary",5181,"Berryessa Union Elem",61,"Santa Clara",42,NA,100,697,668,7,29,"Yes","Yes","Yes","Yes",30,41,"No",10,20,30,NA,4,10,30,10,50,0,3,97,3,525,455,757,33.846996307373
"168","43693776095335","E","Brooktree Eleme","Brooktree Elementary",5182,"Berryessa Union Elem",61,"Santa Clara",42,NA,98,742,725,4,17,"Yes","Yes","Yes","Yes",26,56,"No",4,20,32,NA,1,33,17,17,33,0,2.5,84,13,427,401,757,33.846996307373
"169","43693776095343","E","Majestic Way El","Majestic Way Elementary",5183,"Berryessa Union Elem",61,"Santa Clara",42,NA,100,691,660,7,31,"Yes","Yes","Yes","Yes",19,27,"No",14,19,29,NA,2,40,10,10,30,10,2.59999990463257,82,18,390,344,757,33.846996307373
"170","43693776095350","E","Summerdale Elem","Summerdale Elementary",5184,"Berryessa Union Elem",61,"Santa Clara",42,NA,99,700,635,8,65,"Yes","Yes","Yes","Yes",23,55,"No",16,20,30,NA,3,18,18,18,45,0,2.91000008583069,93,11,358,287,757,33.846996307373
"171","43695426047575","E","Luther Burbank ","Luther Burbank Elementary",5281,"Luther Burbank Elem",413,"Santa Clara",42,NA,100,551,502,15,49,"Yes","Yes","Yes","Yes",76,38,"No",16,18,29,NA,89,20,39,28,10,4,2.40000009536743,52,48,274,199,757,33.846996307373
"172","43733874334470","H","Milpitas High","Milpitas High",5439,"Milpitas Unified",448,"Santa Clara",42,NA,97,703,668,7,35,"Yes","Yes","Yes","Yes",24,21,"No",8,NA,NA,31,94,9,18,22,39,12,3.27999997138977,89,12,2147,1884,757,33.846996307373
"173","43733876047583","E","Rose (Alexander","Rose (Alexander) Elementary",5440,"Milpitas Unified",448,"Santa Clara",42,NA,100,676,644,8,32,"Yes","Yes","Yes","Yes",46,39,"No",7,21,32,NA,95,17,31,28,19,4,2.61999988555908,84,13,479,442,757,33.846996307373
"174","43733876047591","E","Spangler (Antho","Spangler (Anthony) Elementary",5441,"Milpitas Unified",448,"Santa Clara",42,NA,99,714,617,9,97,"Yes","Yes","Yes","Yes",31,25,"No",10,21,33,NA,78,8,26,30,30,6,3,94,6,441,369,757,33.846996307373
"175","43733876047609","E","Curtner Element","Curtner Elementary",5442,"Milpitas Unified",448,"Santa Clara",42,NA,100,842,790,1,52,"Yes","Yes","Yes","Yes",18,17,"No",12,20,30,NA,89,4,13,25,41,17,3.55999994277954,97,3,476,412,757,33.846996307373
"176","43733876047625","E","Sinnott (John) ","Sinnott (John) Elementary",5443,"Milpitas Unified",448,"Santa Clara",42,NA,99,824,801,NA,23,"Yes","Yes","Yes","Yes",15,21,"No",10,21,30,NA,92,6,13,24,36,21,3.53999996185303,94,6,511,456,757,33.846996307373
"177","43733876047633","E","Weller (Joseph)","Weller (Joseph) Elementary",5444,"Milpitas Unified",448,"Santa Clara",42,NA,99,717,687,6,30,"Yes","Yes","Yes","Yes",41,26,"No",10,21,32,NA,84,11,36,29,17,6,2.70000004768372,86,11,385,327,757,33.846996307373
"178","43733876047641","E","Pomeroy (Marsha","Pomeroy (Marshall) Elementary",5445,"Milpitas Unified",448,"Santa Clara",42,NA,99,836,785,1,51,"Yes","Yes","Yes","Yes",18,24,"No",12,22,31,NA,90,4,14,29,31,22,3.53999996185303,96,0,443,374,757,33.846996307373
"179","43733876047666","M","Rancho Milpitas","Rancho Milpitas Junior High",5446,"Milpitas Unified",448,"Santa Clara",42,NA,99,733,703,5,30,"Yes","No","No","No",33,29,"No",11,NA,NA,30,98,12,22,26,28,12,3.04999995231628,81,19,696,595,757,33.846996307373
"180","43733876047674","E","Randall (Robert","Randall (Robert) Elementary",5447,"Milpitas Unified",448,"Santa Clara",42,NA,100,719,619,9,100,"Yes","Yes","Yes","Yes",47,48,"No",11,20,35,NA,99,21,37,21,18,4,2.47000002861023,84,16,332,273,757,33.846996307373
"181","43733876047682","M","Russell (Thomas","Russell (Thomas) Junior High",5448,"Milpitas Unified",448,"Santa Clara",42,NA,99,817,755,2,62,"Yes","Yes","Yes","Yes",23,13,"No",5,NA,32,31,91,5,16,26,38,15,3.41000008583069,82,15,738,665,757,33.846996307373
"182","43733876047690","E","Burnett (Willia","Burnett (William) Elementary",5449,"Milpitas Unified",448,"Santa Clara",42,NA,100,749,676,6,73,"Yes","Yes","Yes","Yes",29,31,"No",12,21,30,NA,88,5,23,33,32,6,3.10999989509583,88,6,425,370,757,33.846996307373
"183","43733876067219","E","Zanker (Pearl) ","Zanker (Pearl) Elementary",5450,"Milpitas Unified",448,"Santa Clara",42,NA,100,781,733,3,48,"Yes","Yes","Yes","Yes",26,30,"No",11,21,32,NA,91,4,21,34,31,9,3.20000004768372,73,23,302,264,757,33.846996307373
